configuration,expanded,target,alpha,repeat,fold,n_validation,MAE,MSE,RMSE,R2,MAPE_pct,sMAPE_pct,MedianAE
original_raw_GD,False,raw,0.0,1,0,33,2447.0927217498293,13381761.235017842,3658.10896981184,0.6546254241907314,17.25368530785025,19.08498497022939,1587.240849184047
original_raw_ridge_GD_0.0001,False,raw,0.0001,1,0,33,2447.0235838105655,13380372.302292189,3657.919121890503,0.6546612716432846,17.253583512330124,19.084948713333166,1587.4530932653824
original_raw_ridge_GD_0.001,False,raw,0.001,1,0,33,2446.3971119956404,13367892.033189617,3656.212799221295,0.6549833792920152,17.252609329479675,19.084540021105674,1589.3411301003216
original_raw_ridge_GD_0.01,False,raw,0.01,1,0,33,2440.2924415392436,13249943.609169107,3640.047198755685,0.6580275515947502,17.24289448409293,19.080121894024224,1607.3608476470745
original_raw_ridge_GD_0.1,False,raw,0.1,1,0,33,2425.0454421910035,12448598.280556137,3528.257116559979,0.6787097546385616,17.389468619819652,19.244009257525622,1634.5540043432557
original_raw_ridge_GD_1,False,raw,1.0,1,0,33,2289.8423788118316,9994500.578482859,3161.408005696648,0.7420484241875352,17.098797674917773,18.772531674135877,1678.2400606518304
original_raw_ridge_GD_10,False,raw,10.0,1,0,33,1913.863774484534,6176410.973999079,2485.2386151030005,0.8405908398226029,15.138258592906434,15.997773839210483,1340.479953576545
original_raw_ridge_GD_100,False,raw,100.0,1,0,33,1770.3872851992403,4861532.265677403,2204.888266030141,0.8745270062323627,13.993978167642734,13.760797242056928,1673.1383615517134
original_raw_ridge_GD_1000,False,raw,1000.0,1,0,33,2655.03738990788,12331063.282100495,3511.5613738194147,0.6817432566956851,22.102791680834606,20.155068423286203,2085.028067458996
original_raw_ridge_GD_10000,False,raw,10000.0,1,0,33,4131.580138972571,31351199.103858456,5599.214150562421,0.1908458908030578,35.98865811359332,31.099744080562726,3480.5041063450008
original_log_GD,False,log,0.0,1,0,33,3012.6716808053243,49122363.65271877,7008.734811128094,-0.26781633682942907,17.400581993024844,17.062168725283048,1424.867432093126
original_log_ridge_GD_0.0001,False,log,0.0001,1,0,33,3012.126593895768,49093281.3367699,7006.659784574237,-0.26706574112248216,17.398428087796518,17.06069366508048,1424.7276143283607
original_log_ridge_GD_0.001,False,log,0.001,1,0,33,3007.23283497148,48832757.84592451,6988.04392129332,-0.26034179884322417,17.379082103461393,17.04743013441329,1423.4697601049374
original_log_ridge_GD_0.01,False,log,0.01,1,0,33,2960.0644828623044,46368200.26285259,6809.419965228506,-0.1967331665517178,17.192239605486666,16.918189404281957,1411.133164010419
original_log_ridge_GD_0.1,False,log,0.1,1,0,33,2612.7633464960595,30779121.021604873,5547.893385926308,0.20561085495972453,15.790240314244134,15.878246841308407,1100.0951546871402
original_log_ridge_GD_1,False,log,1.0,1,0,33,1912.2678299552128,9287469.435930219,3047.5349769822524,0.7602964392772122,13.051420852138426,13.582857405727822,1187.5758927221068
original_log_ridge_GD_10,False,log,10.0,1,0,33,1520.5700096587593,4596687.103180662,2143.9885967935234,0.8813624880531774,11.57166321894079,11.981582921634457,1166.4057392717805
original_log_ridge_GD_100,False,log,100.0,1,0,33,1611.8945095112506,4387052.738874038,2094.529240396046,0.8867730149917377,12.398776196014662,12.477872219378039,1321.413295182756
original_log_ridge_GD_1000,False,log,1000.0,1,0,33,2598.5421433406227,13445636.037322538,3666.8291530043416,0.6529768569832135,19.72253812321103,19.186020156983783,2196.8585972928795
original_log_ridge_GD_10000,False,log,10000.0,1,0,33,4099.397388351782,32095938.20493784,5665.327722642163,0.1716246577675451,34.65748749133705,30.76828349769481,3386.9521551634734
mean_baseline,False,raw,,1,0,33,4560.080654406662,38815781.695025966,6230.2312713916135,-0.0018101430881560798,39.89479414606679,34.022818696016074,3315.951656488549
median_baseline,False,raw,,1,0,33,4532.909090909091,48012320.484848484,6929.092327631988,-0.2391668428278524,30.401856980828214,33.91402197389388,2896.0
original_raw_GD,False,raw,0.0,1,1,33,2069.417576647335,16035105.41281016,4004.385772226517,0.541483500416807,17.310877301461446,15.759941915770998,1422.9460263891706
original_raw_ridge_GD_0.0001,False,raw,0.0001,1,1,33,2068.703577086507,16018879.811746646,4002.359280692657,0.5419474640523271,17.305408456192016,15.75509841614077,1422.5913046021424
original_raw_ridge_GD_0.001,False,raw,0.001,1,1,33,2062.4029250302005,15876316.240595808,3984.509535764196,0.5460240041142304,17.257109584952797,15.712334177462871,1419.457644258955
original_raw_ridge_GD_0.01,False,raw,0.01,1,1,33,2004.1247262109805,14602537.858406248,3821.326714428674,0.5824471139105472,16.809471894525,15.318900150724385,1390.5797130390256
original_raw_ridge_GD_0.1,False,raw,0.1,1,1,33,1705.599292405489,8951727.026951654,2991.943687129097,0.7440294631089165,14.545240626321892,13.417642421291335,1236.961822141664
original_raw_ridge_GD_1,False,raw,1.0,1,1,33,1508.9150539163809,4348046.225257677,2085.1969272127935,0.8756696084056689,13.186322467274195,12.456668028034223,1106.07257408457
original_raw_ridge_GD_10,False,raw,10.0,1,1,33,1518.5592339536736,3655763.7526033,1912.005165422756,0.8954651088350393,14.35350054308727,13.479708736865659,1103.3531507582657
original_raw_ridge_GD_100,False,raw,100.0,1,1,33,1702.073569508483,4699540.892897278,2167.8424511244534,0.8656187792730138,15.972157418646704,14.445529289920952,1563.7632684086875
original_raw_ridge_GD_1000,False,raw,1000.0,1,1,33,2805.1719927752347,11703995.720858684,3421.1103052749827,0.665329599593551,27.938567356146255,24.30631700156374,2435.3452821338506
original_raw_ridge_GD_10000,False,raw,10000.0,1,1,33,4815.858898468564,32307466.243147727,5683.965714459204,0.0761827907675604,51.05821327725476,40.052627965001825,4394.632667997739
original_log_GD,False,log,0.0,1,1,33,1519.495678046314,8405319.625006728,2899.192926489496,0.7596537326622669,12.523048906361442,11.963224012674246,905.9398434484356
original_log_ridge_GD_0.0001,False,log,0.0001,1,1,33,1519.026993123887,8394920.727153407,2897.398958920467,0.7599510843865293,12.519809372232201,11.960870061769704,905.820086711351
original_log_ridge_GD_0.001,False,log,0.001,1,1,33,1514.7023167536856,8299488.187606732,2880.883230470602,0.7626799341728436,12.489928289602206,11.939119109790065,904.7124344819567
original_log_ridge_GD_0.01,False,log,0.01,1,1,33,1475.0180170128292,7459601.732123758,2731.227147661607,0.7866961029289117,12.21531453217262,11.736431024834541,868.8477238861415
original_log_ridge_GD_0.1,False,log,0.1,1,1,33,1280.3561713985496,4095554.312212777,2023.747591033224,0.8828894990868941,10.947684663440809,10.753395218696173,618.5815466431268
original_log_ridge_GD_1,False,log,1.0,1,1,33,1065.5889014157171,1892283.3647243406,1375.602909536157,0.9458910233343545,9.759837786122896,9.647946720977476,645.0731648617311
original_log_ridge_GD_10,False,log,10.0,1,1,33,1019.0151165754996,1806896.5005242876,1344.2085033670512,0.9483326216323062,9.800848335925592,9.49097124373691,626.1357107094391
original_log_ridge_GD_100,False,log,100.0,1,1,33,1213.7377629356433,2644807.394735986,1626.2863815257097,0.9243729431465231,11.021661680059342,10.429057906524294,865.9493317565912
original_log_ridge_GD_1000,False,log,1000.0,1,1,33,2488.592305288204,11522345.379249444,3394.4580391057193,0.6705238079656533,23.19979159385892,21.198299161742646,1884.0920017735916
original_log_ridge_GD_10000,False,log,10000.0,1,1,33,4650.881093850512,31590690.7842935,5620.559650452391,0.09667865692622146,48.472584756085446,38.79845321107121,4020.453702771194
mean_baseline,False,raw,,1,1,33,5374.791735600277,40391531.71749682,6355.433243886432,-0.1549773611787244,57.47882584533674,43.821492695261554,4798.111961832061
median_baseline,False,raw,,1,1,33,4192.454545454545,35089399.18181818,5923.630574387483,-0.0033653082486979624,37.85309423096449,34.782900483092874,2799.0
original_raw_GD,False,raw,0.0,1,2,32,2443.741846979554,12854950.27553,3585.3800740688566,0.905341665407446,13.984051036131568,15.20947950856091,1590.0505920108108
original_raw_ridge_GD_0.0001,False,raw,0.0001,1,2,32,2443.674394046405,12854838.799747087,3585.364528154297,0.9053424862672496,13.983268836631717,15.208645845887714,1590.0826835425046
original_raw_ridge_GD_0.001,False,raw,0.001,1,2,32,2443.067263525243,12853841.837184744,3585.225493213048,0.9053498274715156,13.976234414733932,15.201147815157878,1590.3716951371862
original_raw_ridge_GD_0.01,False,raw,0.01,1,2,32,2437.1603331685837,12844495.156464614,3583.9217564652013,0.9054186524153678,13.908179702397987,15.128418324353706,1593.1595694308849
original_raw_ridge_GD_0.1,False,raw,0.1,1,2,32,2391.866161397508,12758144.705736378,3571.854519116978,0.9060545000602094,13.42081913292407,14.587051789809454,1593.52213341294
original_raw_ridge_GD_1,False,raw,1.0,1,2,32,2259.3114668666094,12744654.01607423,3569.965548303545,0.906153839706692,12.157320258258984,13.108362016939557,1366.6344823001605
original_raw_ridge_GD_10,False,raw,10.0,1,2,32,2370.1196534054707,14783097.559345389,3844.8793946423584,0.8911436166539982,11.667497612531832,12.3931487632605,1381.3483314994528
original_raw_ridge_GD_100,False,raw,100.0,1,2,32,2823.0926232013876,24409376.283905167,4940.584609528023,0.8202598331418138,12.181208919530645,13.071680335526098,1408.5452008084594
original_raw_ridge_GD_1000,False,raw,1000.0,1,2,32,5555.59832278513,71736279.87194842,8469.727260776963,0.47176483479131726,27.553874488402936,29.276891318233222,2325.6187951127386
original_raw_ridge_GD_10000,False,raw,10000.0,1,2,32,8491.875185203717,140104415.92478734,11836.571121941834,-0.03166876543644115,47.92771337712052,49.18588214219033,4645.984371270788
original_log_GD,False,log,0.0,1,2,32,3063.9481546438283,24684381.213000827,4968.337872266823,0.8182348149165399,13.893677852035438,15.395486910616393,1212.492200478643
original_log_ridge_GD_0.0001,False,log,0.0001,1,2,32,3063.6252938645775,24679517.809207678,4967.848408436763,0.818270626933984,13.892185740133502,15.393493398513817,1212.4581478070158
original_log_ridge_GD_0.001,False,log,0.001,1,2,32,3060.7510694446364,24636089.245067526,4963.475520748291,0.8185904162343812,13.878910130890684,15.375750046679956,1212.1583164415324
original_log_ridge_GD_0.01,False,log,0.01,1,2,32,3032.938408324156,24223047.651054237,4921.691543672179,0.821631877194458,13.750814603721896,15.205697900966955,1187.8419217069618
original_log_ridge_GD_0.1,False,log,0.1,1,2,32,2820.1068003870096,21368894.013785116,4622.650107220436,0.8426486391565369,12.819974863054487,14.013244467396468,1071.4098308243765
original_log_ridge_GD_1,False,log,1.0,1,2,32,2188.673945381809,14917907.654078204,3862.3707297562987,0.8901509329967177,10.599753320841504,11.390860136804493,994.4540302355872
original_log_ridge_GD_10,False,log,10.0,1,2,32,2066.784688311293,13163352.846812535,3628.133521083883,0.9030707212842909,10.309898730507939,10.933776597087657,1010.4576635389576
original_log_ridge_GD_100,False,log,100.0,1,2,32,2907.257022320361,23346801.019165277,4831.852752223031,0.8280841811776816,13.16910957172709,14.072930340693171,1427.4279672148123
original_log_ridge_GD_1000,False,log,1000.0,1,2,32,5952.003617010772,81672436.3772537,9037.280363984162,0.39859924434686944,28.307730993778147,31.09979451403125,2390.0777064415015
original_log_ridge_GD_10000,False,log,10000.0,1,2,32,8594.537076345185,145120125.10979238,12046.581469852448,-0.06860229439430232,47.567835965387204,49.7370881176245,4471.685669427222
mean_baseline,False,raw,,1,2,32,9229.551057291666,160605214.38356382,12673.01125950592,-0.1826278433271855,53.23995719550948,54.26918297859517,5220.933083333333
median_baseline,False,raw,,1,2,32,9413.171875,184650457.2265625,13588.61498558858,-0.3596866878661966,46.07048039297483,54.885044812743885,4340.0
original_raw_GD,False,raw,0.0,1,3,33,1975.6610143241717,6465811.969766302,2542.7960928407733,0.7101547794291199,18.0829932212957,20.327997355127508,1638.1753750476964
original_raw_ridge_GD_0.0001,False,raw,0.0001,1,3,33,1975.5105062313448,6464981.918717501,2542.6328713987596,0.710191988418563,18.080953568386526,20.325526918064668,1638.143885504529
original_raw_ridge_GD_0.001,False,raw,0.001,1,3,33,1974.1405672735696,6457415.151387292,2541.144457008946,0.7105311865511545,18.06246350379398,20.30306955184083,1637.8740474111455
original_raw_ridge_GD_0.01,False,raw,0.01,1,3,33,1975.423522842156,6387574.018043175,2527.3650345850665,0.713661979527149,18.16507793351376,20.370851672887525,1635.3703801483825
original_raw_ridge_GD_0.1,False,raw,0.1,1,3,33,1979.151172573137,5975125.841906209,2444.407053235244,0.7321509385543318,18.886789867684932,21.101888005041623,1985.0981819549397
original_raw_ridge_GD_1,False,raw,1.0,1,3,33,1883.218744121963,5264846.039874396,2294.5252319106007,0.7639909003177717,19.680440224136753,23.65838315158394,1676.5522124505587
original_raw_ridge_GD_10,False,raw,10.0,1,3,33,1680.7386319893408,5158959.282121549,2271.3342515185977,0.7687375231394556,18.7843673693076,21.629346250270082,1093.2604861020518
original_raw_ridge_GD_100,False,raw,100.0,1,3,33,1787.5638249814342,6365660.918329079,2523.026143013401,0.7146442857324211,18.304493843018342,20.063594866758294,1218.7341045460635
original_raw_ridge_GD_1000,False,raw,1000.0,1,3,33,2053.7275677576235,6009855.256484494,2451.500613192763,0.7305941109082745,21.34856417178066,18.587278337032615,1862.7169044157163
original_raw_ridge_GD_10000,False,raw,10000.0,1,3,33,4009.6539847132562,20147853.517781746,4488.63604202677,0.09682510499879182,45.31270866252238,35.27574981399141,4733.426316131565
original_log_GD,False,log,0.0,1,3,33,1795.8779508840266,6935591.027601701,2633.5510299976536,0.6890958288635031,15.611528113908099,14.896549354520028,1429.4069555113492
original_log_ridge_GD_0.0001,False,log,0.0001,1,3,33,1795.8176320416417,6934996.194180763,2633.4380938576787,0.689122493669857,15.611292569980478,14.896338836205894,1429.2247732980286
original_log_ridge_GD_0.001,False,log,0.001,1,3,33,1795.2740536765884,6929640.018358107,2632.420942470658,0.6893625968417391,15.609167616083521,14.894435590474012,1427.5708239407177
original_log_ridge_GD_0.01,False,log,0.01,1,3,33,1789.9067401389057,6877373.570699644,2622.474703538557,0.6917055632194903,15.587801846051224,14.875243503921325,1411.3235300304877
original_log_ridge_GD_0.1,False,log,0.1,1,3,33,1741.4447786620185,6455565.93231049,2540.7805753961693,0.7106140821431863,15.361235219991862,14.661800195333283,1353.5219823805642
original_log_ridge_GD_1,False,log,1.0,1,3,33,1511.2673639541326,4910930.733791765,2216.06198780444,0.7798559858529823,14.01827053952702,13.26635411492999,1176.4768885020421
original_log_ridge_GD_10,False,log,10.0,1,3,33,1318.5623951085975,3507857.5141864596,1872.9275250757728,0.8427520410917018,12.878316902214204,11.98390387819725,910.5743001968985
original_log_ridge_GD_100,False,log,100.0,1,3,33,1379.564953415971,3355915.1652365928,1831.9157090970623,0.8495632140505442,12.442104760821513,11.665168110863295,1143.2813617648262
original_log_ridge_GD_1000,False,log,1000.0,1,3,33,1958.49943928762,5187083.648676092,2277.5169919621,0.7674767822973875,19.50156921457561,17.815755043308226,1838.93549819494
original_log_ridge_GD_10000,False,log,10000.0,1,3,33,3906.6684101278306,19414245.55386258,4406.159955546618,0.12971080645577227,43.38561564689111,34.470357668533936,4477.735569318793
mean_baseline,False,raw,,1,3,33,4656.410913023364,27284846.036448076,5223.489833095119,-0.22310736140423804,52.62602666498359,39.7523353016676,5250.4312977099235
median_baseline,False,raw,,1,3,33,4084.641424242425,22633441.151572395,4757.461629017348,-0.014597203495951172,37.85741432695378,35.657635419486134,3501.0
original_raw_GD,False,raw,0.0,1,4,33,1965.9579785007281,6028378.2000964405,2455.275585366425,0.9056514018422998,15.332426742103648,15.073222199680913,1583.0003890230337
original_raw_ridge_GD_0.0001,False,raw,0.0001,1,4,33,1965.8607136476983,6027813.081863865,2455.1605002247543,0.905660246362545,15.33150852953218,15.072211893120818,1582.7381648724831
original_raw_ridge_GD_0.001,False,raw,0.001,1,4,33,1964.9880321942346,6022745.750243424,2454.128307616255,0.905739553867635,15.323271276431061,15.063147670023042,1580.3828668534452
original_raw_ridge_GD_0.01,False,raw,0.01,1,4,33,1956.5395610348319,5974218.783212273,2444.221508622382,0.9064990369591506,15.243593096236015,14.975446087257948,1557.4186564935226
original_raw_ridge_GD_0.1,False,raw,0.1,1,4,33,1891.77215639846,5628529.527043342,2372.45221807381,0.9119093306791424,14.637676718426624,14.307079242918846,1434.1130711667502
original_raw_ridge_GD_1,False,raw,1.0,1,4,33,1732.796574422234,4894249.739188831,2212.295129314539,0.9234013549583254,13.228754533174275,12.772074103169428,1250.6180420584824
original_raw_ridge_GD_10,False,raw,10.0,1,4,33,1792.4855354395079,5728188.989092133,2393.3635304926274,0.9103495860471111,13.982742911323006,13.92404270343821,1335.3641553917296
original_raw_ridge_GD_100,False,raw,100.0,1,4,33,2042.5913807793934,8269404.294047656,2875.6571934164294,0.8705776782999146,15.467264338447869,15.729934260449435,1088.7958265929428
original_raw_ridge_GD_1000,False,raw,1000.0,1,4,33,3004.776857646631,21472200.400497865,4633.810570200067,0.6639441090282335,23.47227795482074,21.66004134429996,2218.8680961332066
original_raw_ridge_GD_10000,False,raw,10000.0,1,4,33,4941.390607195237,52487346.21356888,7244.815126251938,0.1785340315594538,42.66530711457609,35.92404630432071,3285.856692817835
original_log_GD,False,log,0.0,1,4,33,2097.3850191557685,12392259.432369685,3520.264114007596,0.8060519319388566,15.278280523547103,15.763828778695405,1174.5880173060796
original_log_ridge_GD_0.0001,False,log,0.0001,1,4,33,2097.342681018649,12391267.926310254,3520.123282828352,0.8060674497454153,15.278095466520982,15.763588628003989,1175.0930869477706
original_log_ridge_GD_0.001,False,log,0.001,1,4,33,2096.962061090255,12382367.56254046,3518.8588437930357,0.806206747051739,15.276430672115168,15.761429940761229,1179.6261745789452
original_log_ridge_GD_0.01,False,log,0.01,1,4,33,2093.179830889286,12295328.730577337,3506.469553636155,0.8075689694452963,15.259840705136913,15.740103744467243,1223.7398678104582
original_log_ridge_GD_0.1,False,log,0.1,1,4,33,2058.900563185529,11584089.901561078,3403.540788878705,0.8187003855983066,15.102168288744656,15.548748921749587,1186.1361430701454
original_log_ridge_GD_1,False,log,1.0,1,4,33,1891.8543004303995,8430987.81785009,2903.6163344784536,0.8680487760893836,14.304213773624424,14.698157187789585,1156.7649009759534
original_log_ridge_GD_10,False,log,10.0,1,4,33,1658.715326514985,4876486.055141839,2208.2767161616857,0.9236793698127889,13.602479509156732,13.913988295692931,1171.522724978753
original_log_ridge_GD_100,False,log,100.0,1,4,33,1777.8514624706895,6441141.022569169,2537.940311072971,0.8991913569713104,14.174293531424755,14.079235975938516,920.4026900670187
original_log_ridge_GD_1000,False,log,1000.0,1,4,33,2911.800836719629,23953054.946069777,4894.185830765908,0.6251168920158496,21.195903558080172,20.298437753013225,1867.1437794102821
original_log_ridge_GD_10000,False,log,10000.0,1,4,33,4877.967923731249,53939780.169273525,7344.370644873087,0.15580236093613686,41.05560861558701,35.32408028199339,3256.0618402871733
mean_baseline,False,raw,,1,4,33,5546.257229470275,63896515.54168093,7993.529604729123,-2.79458947778366e-05,48.5695013404941,40.03437176576873,4338.165396946564
median_baseline,False,raw,,1,4,33,5189.242424242424,72142591.77272727,8493.67951907342,-0.1290851660752086,35.51013420577604,37.052245844038296,3496.0
original_raw_GD,False,raw,0.0,2,0,33,2652.7573561265376,12651777.467055596,3556.9337169893392,0.8026109115053779,22.038170308059392,24.098913511321545,1801.041950565792
original_raw_ridge_GD_0.0001,False,raw,0.0001,2,0,33,2652.6122774036035,12649859.595074726,3556.6641105219264,0.8026408335462247,22.03685963956289,24.097691956070296,1800.8825213967466
original_raw_ridge_GD_0.001,False,raw,0.001,2,0,33,2651.2830694555687,12632322.812079221,3554.1979140277517,0.8029144369683229,22.02490428063055,24.08656094870098,1799.4491787366787
original_raw_ridge_GD_0.01,False,raw,0.01,2,0,33,2638.443702990945,12464275.559134448,3530.4780921476413,0.8055362578286066,21.90892129033695,23.978778684639376,1785.3868443383944
original_raw_ridge_GD_0.1,False,raw,0.1,2,0,33,2528.7827960654845,11133237.53840521,3336.65064674221,0.8263026981448047,20.92085637806236,23.07770496851326,1734.0781990747755
original_raw_ridge_GD_1,False,raw,1.0,2,0,33,2045.5647866628997,6705570.911112427,2589.5117128741526,0.8953817727645685,16.7059360073237,18.155619628478632,1767.290767815657
original_raw_ridge_GD_10,False,raw,10.0,2,0,33,1603.119795027503,4053435.7489563366,2013.3146174794283,0.9367595588966511,13.157270412230519,13.204051096765074,1539.9069818808966
original_raw_ridge_GD_100,False,raw,100.0,2,0,33,1884.30451132693,6306516.390141068,2511.277840092782,0.9016076970158686,14.304165020821028,14.010105840539246,1559.3608015449463
original_raw_ridge_GD_1000,False,raw,1000.0,2,0,33,2921.850874841245,17726307.79089709,4210.262199780091,0.7234396711188282,22.036604954886517,20.670922579810824,2094.1696711516342
original_raw_ridge_GD_10000,False,raw,10000.0,2,0,33,5350.385210939367,51173940.91307559,7153.596362185638,0.2016001247403817,45.59494362661684,39.25527738372168,4658.888836961642
original_log_GD,False,log,0.0,2,0,33,2482.178080137599,30059322.319252,5482.638262666251,0.5310238226357251,14.751276576267111,14.216962946869549,1494.7183279180063
original_log_ridge_GD_0.0001,False,log,0.0001,2,0,33,2482.0863967646037,30055927.37787247,5482.328645554959,0.5310767894529288,14.75084221723957,14.216570580808554,1494.583712192798
original_log_ridge_GD_0.001,False,log,0.001,2,0,33,2481.2411725749894,30024683.011626948,5479.478352145115,0.5315642543162538,14.746776206222616,14.212882761064602,1493.3619617811491
original_log_ridge_GD_0.01,False,log,0.01,2,0,33,2472.853345798427,29717758.446313407,5451.399677726208,0.5363527957161957,14.706315739913284,14.176139341222038,1481.306553054852
original_log_ridge_GD_0.1,False,log,0.1,2,0,33,2394.6016113602027,27081191.113869205,5203.959176806559,0.5774876974215902,14.320202878080126,13.82183931991122,1567.1294507592338
original_log_ridge_GD_1,False,log,1.0,2,0,33,1948.5305187382787,15815335.54044331,3976.8499519649104,0.7532540645222694,12.200782794153467,11.841790907083745,1028.4422964495898
original_log_ridge_GD_10,False,log,10.0,2,0,33,1620.8025457946162,5642408.95155579,2375.3755390581487,0.911968894271052,11.477791856076797,11.232624794168952,1064.27739586604
original_log_ridge_GD_100,False,log,100.0,2,0,33,1558.2105634051004,3988817.9793477673,1997.2025383890757,0.9377677051967898,11.803129555009365,11.497757079159758,1138.1253064379416
original_log_ridge_GD_1000,False,log,1000.0,2,0,33,3038.019441886457,19641059.152830742,4431.823456866343,0.6935663171960234,21.672443967445833,21.183038592903973,2025.6053060820832
original_log_ridge_GD_10000,False,log,10000.0,2,0,33,5384.942119755016,53104698.177212924,7287.297041922535,0.17147705172041872,44.68101962947022,39.362625928315175,4454.032073010068
mean_baseline,False,raw,,2,0,33,6140.936155678925,64321027.19539853,8020.039101862193,-0.003516617502779207,53.01016640637156,44.736256594080956,5380.131045801527
median_baseline,False,raw,,2,0,33,6017.287878787879,75217144.97727273,8672.781847669912,-0.17351445082656847,40.69071315425647,43.54455837545256,4066.0
original_raw_GD,False,raw,0.0,2,1,33,2374.9580993911463,10684255.014607076,3268.677869507345,0.8259624546215479,17.65825144150785,18.31850819756744,1524.2025527500518
original_raw_ridge_GD_0.0001,False,raw,0.0001,2,1,33,2374.692510626992,10682428.541638594,3268.3984673901978,0.8259922063329869,17.656711576284867,18.31721549770128,1524.287769287661
original_raw_ridge_GD_0.001,False,raw,0.001,2,1,33,2372.304097635641,10666066.098237576,3265.894379528765,0.8262587368006717,17.642859619754628,18.305574968032772,1525.0502551429636
original_raw_ridge_GD_0.01,False,raw,0.01,2,1,33,2349.2028718547776,10513420.908710929,3242.440579056296,0.828745198801319,17.508705012385033,18.19179687537194,1530.1320675083352
original_raw_ridge_GD_0.1,False,raw,0.1,2,1,33,2249.383381625132,9648350.894114975,3106.1794690769198,0.8428364631632188,16.934750235093933,17.732877657989334,1554.4505222572589
original_raw_ridge_GD_1,False,raw,1.0,2,1,33,2089.8524713176084,8705421.425905785,2950.4951153841594,0.8581959926660039,15.960988908531085,16.977043076512125,1285.0860343531785
original_raw_ridge_GD_10,False,raw,10.0,2,1,33,1893.312710912225,7335845.565813947,2708.4766134884653,0.8805052337477726,14.070442999637937,14.978491593923188,1281.4266930963195
original_raw_ridge_GD_100,False,raw,100.0,2,1,33,1799.5224186522908,8511637.922571277,2917.471151968992,0.861352563265364,12.790668225629027,13.22725937578354,1444.578790210513
original_raw_ridge_GD_1000,False,raw,1000.0,2,1,33,2766.056837196431,21225183.924565934,4607.079761037998,0.6542595711739023,20.45432524105687,19.480870652643382,1858.3526127860641
original_raw_ridge_GD_10000,False,raw,10000.0,2,1,33,5031.945231140224,50729600.30657123,7122.471502685794,0.17365739554932225,42.150083184785274,36.68703610675239,4158.995003327309
original_log_GD,False,log,0.0,2,1,33,2501.5510975677234,16063485.115317283,4007.9277831963595,0.7383393118311925,15.59022023806396,15.303819080537856,1074.515353804527
original_log_ridge_GD_0.0001,False,log,0.0001,2,1,33,2501.1088005160927,16056250.657908725,4007.0251631239757,0.7384571550694725,15.587817844011584,15.302206375204594,1074.4630355711188
original_log_ridge_GD_0.001,False,log,0.001,2,1,33,2497.1422373678984,15991529.989973316,3998.9411085902875,0.7395114004209109,15.56627692134967,15.287728875510703,1073.9943442316671
original_log_ridge_GD_0.01,False,log,0.01,2,1,33,2458.873776645502,15381877.252454374,3921.9736424986813,0.7494421317471467,15.358694952656787,15.146737623408601,1069.4648152370646
original_log_ridge_GD_0.1,False,log,0.1,2,1,33,2178.82205872328,11708341.043357134,3421.7453212296696,0.8092809528737557,13.847652053475286,14.0336204807256,1038.6775038498427
original_log_ridge_GD_1,False,log,1.0,2,1,33,1606.5241724570988,7326267.760360785,2706.7079192925094,0.880661248158595,10.868357623860934,11.44930993737275,935.918772972469
original_log_ridge_GD_10,False,log,10.0,2,1,33,1608.2839290978102,6508375.91665295,2551.1518803577633,0.8939840197200527,10.963361441103627,11.558178462327785,1110.4006956877347
original_log_ridge_GD_100,False,log,100.0,2,1,33,1665.090104291256,8034522.702577684,2834.523364267383,0.8691243696886347,10.993894441726184,11.478984255760139,1004.7796924526892
original_log_ridge_GD_1000,False,log,1000.0,2,1,33,2818.773113273913,24193521.85620784,4918.691071434334,0.6059078380141798,19.14032371733833,19.15760531067165,1730.6138904558047
original_log_ridge_GD_10000,False,log,10000.0,2,1,33,5033.352204333131,52111775.54780513,7218.848630343008,0.15114292112519567,41.0003018749732,36.56634355162265,4067.0493773024955
mean_baseline,False,raw,,2,1,33,5689.08157969003,61408417.10787218,7836.3522832930485,-0.00029156589943624134,48.282146975549175,41.25776631016235,4728.741732824426
median_baseline,False,raw,,2,1,33,5388.681818181818,67957079.28030303,8243.608389552663,-0.10696377546804126,37.217206060893645,38.700701695788446,3669.0
original_raw_GD,False,raw,0.0,2,2,33,4160.196584118207,58677504.26304785,7660.124298146072,-0.7440368732802789,45.495700002930604,31.380474226430017,2313.4676757377874
original_raw_ridge_GD_0.0001,False,raw,0.0001,2,2,33,4156.690619578077,58547883.53800201,7651.658874910852,-0.7401842328713097,45.45619480231624,31.36101414918173,2309.2223959411986
original_raw_ridge_GD_0.001,False,raw,0.001,2,2,33,4125.533228812284,57403650.60186604,7576.519689268024,-0.7061748717489142,45.1050606852475,31.188569308160773,2271.4783499519017
original_raw_ridge_GD_0.01,False,raw,0.01,2,2,33,3856.9197460213986,47886493.16547851,6920.006731606445,-0.4233020109083381,42.06688842536983,29.76699526912322,2074.419378256858
original_raw_ridge_GD_0.1,False,raw,0.1,2,2,33,2857.2954617896526,18187852.487509515,4264.7218534752665,0.4594131808708354,30.73395767712677,25.994004063476318,2236.8974199982167
original_raw_ridge_GD_1,False,raw,1.0,2,2,33,2155.513763682774,6512359.296475932,2551.932463149433,0.806436983171825,22.146246774005913,22.499191279905936,1773.3127512807314
original_raw_ridge_GD_10,False,raw,10.0,2,2,33,1841.1475317109857,4896789.010265381,2212.86895460743,0.8544556265329328,19.474151554363726,19.27334942777221,1612.9651105855046
original_raw_ridge_GD_100,False,raw,100.0,2,2,33,1851.5155531439377,5480567.018265218,2341.0610881105213,0.8371043368939324,19.914845643815067,19.09037343962745,1510.3395850718643
original_raw_ridge_GD_1000,False,raw,1000.0,2,2,33,2868.8729436183285,11461121.630205417,3385.427835622171,0.6593478372457593,29.81135685242539,25.46307986728112,2370.1313549267034
original_raw_ridge_GD_10000,False,raw,10000.0,2,2,33,4799.354601939931,32908434.811868083,5736.587383790827,0.02188198910869743,53.9432965710627,40.85678461145646,4496.820657277645
original_log_GD,False,log,0.0,2,2,33,3059.0110108825806,31848745.254696906,5643.4692569993595,0.053378517210020404,26.40532246657171,25.0280112756868,1507.5607617532096
original_log_ridge_GD_0.0001,False,log,0.0001,2,2,33,3057.234670555986,31778621.336872898,5637.25299564184,0.05546276908678194,26.393590026521498,25.017027015748877,1507.3645968808996
original_log_ridge_GD_0.001,False,log,0.001,2,2,33,3041.3651784815365,31157436.41367375,5581.884665027911,0.07392588241771725,26.288819992029456,24.918523981825246,1505.6176051440634
original_log_ridge_GD_0.01,False,log,0.01,2,2,33,2909.4111964256576,26092401.31512143,5108.072172074454,0.2244709351986519,25.40978612801883,24.06314477928129,1463.4969087594482
original_log_ridge_GD_0.1,False,log,0.1,2,2,33,2319.8154893501833,10692926.640242336,3270.004073429013,0.6821804441398549,21.55253706257976,19.851118558442447,1442.6549076254087
original_log_ridge_GD_1,False,log,1.0,2,2,33,1639.3396498568422,4499632.458878498,2121.2337115175446,0.8662600766161951,17.358799390818366,15.369212785862352,1240.3666289822086
original_log_ridge_GD_10,False,log,10.0,2,2,33,1510.0401039740264,4089593.3683180735,2022.274305903646,0.8784474268180344,16.051737045011244,14.021055844758411,1207.0607215752243
original_log_ridge_GD_100,False,log,100.0,2,2,33,1452.6632431018304,3845995.692484485,1961.121029535017,0.8856877369545155,14.801042444033714,13.118741874444414,1070.668387239697
original_log_ridge_GD_1000,False,log,1000.0,2,2,33,2558.906361630498,11223083.271846237,3350.0870543683245,0.6664229110657438,25.883685453031823,22.842941149865183,2002.101674187068
original_log_ridge_GD_10000,False,log,10000.0,2,2,33,4624.6698486789855,32054230.31618344,5661.645548441145,0.04727100584528654,51.32768836366587,39.55363578771187,4150.0488903445985
mean_baseline,False,raw,,2,2,33,5349.363175341197,41467246.150351435,6439.506669796331,-0.23250651553608015,60.71520197415431,44.49098102793495,4892.451656488549
median_baseline,False,raw,,2,2,33,4088.8333333333335,33696831.15909091,5804.8971704149,-0.001551050820064459,40.448253030601364,35.07045288936704,3556.0
original_raw_GD,False,raw,0.0,2,3,32,2675.029836366002,12905125.724307269,3592.3704881745243,0.8299859575978382,18.707972198906038,18.752015648468255,2136.473166968105
original_raw_ridge_GD_0.0001,False,raw,0.0001,2,3,32,2674.660262852891,12900632.07524053,3591.7449902854364,0.8300451575978456,18.7054452642834,18.749481727239232,2136.1158962100108
original_raw_ridge_GD_0.001,False,raw,0.001,2,3,32,2671.344630239467,12860361.155893512,3586.134570243218,0.8305756926686153,18.682786191954975,18.726770157333178,2132.913000437125
original_raw_ridge_GD_0.01,False,raw,0.01,2,3,32,2639.7024306056614,12480417.853642602,3532.7634867965053,0.8355811221451864,18.46633429206532,18.51027685480752,2102.4191549438233
original_raw_ridge_GD_0.1,False,raw,0.1,2,3,32,2422.004485545137,10111673.456697183,3179.88576157968,0.8667873125338337,16.97702244916742,17.045077273467864,2109.3041743684553
original_raw_ridge_GD_1,False,raw,1.0,2,3,32,2036.8883319969996,6625130.520573424,2573.932889679415,0.912719546844625,14.815441355971437,15.0354695478702,1643.760557886344
original_raw_ridge_GD_10,False,raw,10.0,2,3,32,1715.0346304407647,4886269.91466886,2210.4908764048,0.93562755464705,13.707264446446892,13.833896410237614,1229.7391136365277
original_raw_ridge_GD_100,False,raw,100.0,2,3,32,1638.74382292627,5686621.992127079,2384.6639159695183,0.9250835975450014,11.444607434839302,11.381734916486998,963.6482727179409
original_raw_ridge_GD_1000,False,raw,1000.0,2,3,32,3313.223127129576,25056767.081821978,5005.673489334075,0.6698984301186539,22.04622384332076,21.45790065571965,2009.0626296043238
original_raw_ridge_GD_10000,False,raw,10000.0,2,3,32,5717.257419184287,64732236.24210529,8045.634607792308,0.1472079085194038,42.19520194635366,38.504413312057295,4166.647962045771
original_log_GD,False,log,0.0,2,3,32,2970.645944516642,46438806.95977346,6814.602479952404,0.3882082620323689,17.294399385194602,16.536505542848527,1418.0731883679482
original_log_ridge_GD_0.0001,False,log,0.0001,2,3,32,2969.7624844271404,46402615.35093049,6811.946517033915,0.38868505566087586,17.291127369720154,16.533677074517126,1417.6936165335565
original_log_ridge_GD_0.001,False,log,0.001,2,3,32,2961.8426674571,46079055.841943674,6788.155555225858,0.39294767667330766,17.261794261584722,16.50831708283213,1414.2901554926011
original_log_ridge_GD_0.01,False,log,0.01,2,3,32,2885.834495251186,43055616.25168062,6561.677853390901,0.43277891874568586,16.98023566705792,16.264451164217157,1381.3671164964944
original_log_ridge_GD_0.1,False,log,0.1,2,3,32,2473.1292104412887,25737237.950509634,5073.188144599965,0.6609338058605119,15.347514591109801,14.872684503876425,1178.8414784156485
original_log_ridge_GD_1,False,log,1.0,2,3,32,2084.3358774033886,8453292.770626197,2907.454689350497,0.8886350659229804,13.487535882777262,13.296246681916701,1446.6339322521344
original_log_ridge_GD_10,False,log,10.0,2,3,32,1797.0423937129128,5134180.413315907,2265.8729914352894,0.9323615449289476,12.524317298257584,12.511211986076834,1228.243741284714
original_log_ridge_GD_100,False,log,100.0,2,3,32,1608.1469357283145,5503801.700277847,2346.018265120254,0.9274920992143719,10.996711336897395,11.168417143873025,894.3528627437818
original_log_ridge_GD_1000,False,log,1000.0,2,3,32,3637.007745289299,32171047.462630022,5671.952702784996,0.576173844077204,22.271273889107885,22.790187872770183,2102.927542564811
original_log_ridge_GD_10000,False,log,10000.0,2,3,32,5740.619745546655,67676380.88531601,8226.565558318733,0.10842130985294296,41.19186621783308,38.49566051827625,4011.72684552802
mean_baseline,False,raw,,2,3,32,6336.760190340909,77909018.0587874,8826.6085252937,-0.02638497157829711,47.57764994739721,42.728493097877276,4930.056984848485
median_baseline,False,raw,,2,3,32,6259.7239687500005,92878359.80480903,9637.341947072804,-0.22359330233845198,37.386848446175485,41.736532595347455,3588.0
original_raw_GD,False,raw,0.0,2,4,33,2063.197383732267,9544690.616652302,3089.4482705901232,0.8715604613207137,13.19623874693,13.70247275668528,1266.3796009988255
original_raw_ridge_GD_0.0001,False,raw,0.0001,2,4,33,2063.179252654994,9544564.468542254,3089.427854561788,0.871562158851384,13.1961484896573,13.702390774186037,1266.5606475638297
original_raw_ridge_GD_0.001,False,raw,0.001,2,4,33,2063.01596658754,9543431.756773489,3089.2445284848345,0.8715774013545599,13.195335722332496,13.701651125577799,1268.1848621728686
original_raw_ridge_GD_0.01,False,raw,0.01,2,4,33,2061.375435863349,9532378.324707877,3087.454991527468,0.8717261434953321,13.187157514483314,13.694074077055154,1283.9222107870019
original_raw_ridge_GD_0.1,False,raw,0.1,2,4,33,2044.984315248969,9443407.288596708,3073.0127381116904,0.8729233953804796,13.104620391985911,13.608500757230981,1280.295439827114
original_raw_ridge_GD_1,False,raw,1.0,2,4,33,1998.5080785344664,9321700.759600231,3053.14604295311,0.8745611572594547,13.046366493247088,13.400877161541768,1553.4992625474515
original_raw_ridge_GD_10,False,raw,10.0,2,4,33,2027.5096806366844,10602495.66517066,3256.1473653952858,0.8573259514868087,13.392969753947204,13.297228438333558,1345.1110513211643
original_raw_ridge_GD_100,False,raw,100.0,2,4,33,2505.84954977631,16716188.877672523,4088.5436132775353,0.7750561360073587,16.4486387775905,15.797997749391007,1448.3876071560371
original_raw_ridge_GD_1000,False,raw,1000.0,2,4,33,3757.0704701786203,36011161.521901935,6000.930054741676,0.5154104874694608,26.19160885090569,24.628727371407663,2542.0641196450197
original_raw_ridge_GD_10000,False,raw,10000.0,2,4,33,5141.421486791143,65209525.09486392,8075.241488331103,0.12249839653605488,37.78626728978484,34.30228089516471,3835.732084558036
original_log_GD,False,log,0.0,2,4,33,1976.6414611816463,7639646.323190503,2763.991013587147,0.8971959711599693,12.525109642397547,13.033238934175383,1335.4940821201308
original_log_ridge_GD_0.0001,False,log,0.0001,2,4,33,1976.5899601444207,7639099.635856447,2763.8921172608107,0.8972033277388054,12.524927938500793,13.032993762537801,1335.4489644909318
original_log_ridge_GD_0.001,False,log,0.001,2,4,33,1976.1267899586874,7634194.557141564,2763.004624886025,0.8972693336548302,12.52329045764951,13.030786361831877,1335.0424186191049
original_log_ridge_GD_0.01,False,log,0.01,2,4,33,1971.5348240791748,7586599.207288468,2754.3781888637714,0.8979098075081938,12.506777150714537,13.008701225755148,1330.9395826766686
original_log_ridge_GD_0.1,False,log,0.1,2,4,33,1930.6089478279398,7217954.937177349,2686.6251947708206,0.9028705235640109,12.351643027821577,12.807633662290236,1288.843897644385
original_log_ridge_GD_1,False,log,1.0,2,4,33,1760.084016047198,6328991.3066517515,2515.7486572890684,0.9148329939250899,11.739279113099442,12.019082618651622,1422.7179924787788
original_log_ridge_GD_10,False,log,10.0,2,4,33,1656.6662211907144,7256784.805765217,2693.8420157398277,0.9023480037036289,11.091696266652049,11.133536391336317,1255.9316546261198
original_log_ridge_GD_100,False,log,100.0,2,4,33,2155.405107592382,13622205.548193023,3690.8272173312344,0.8166907795469236,13.358862336885005,13.312495092138906,1404.2142646286848
original_log_ridge_GD_1000,False,log,1000.0,2,4,33,3566.0401011990566,38876098.26801247,6235.070029118556,0.4768580431006736,22.51476178629799,22.553840935906592,2109.8523573227703
original_log_ridge_GD_10000,False,log,10000.0,2,4,33,5094.94543661221,66904243.18981186,8179.501402274583,0.09969317224446883,36.329441998351776,33.82610978287062,3487.2031502691425
mean_baseline,False,raw,,2,4,33,5584.423934536201,74961626.11088637,8658.03823685749,-0.008732190809168427,41.3934216438288,37.29618747046824,4140.569977099236
median_baseline,False,raw,,2,4,33,5527.181818181818,87628798.93939394,9361.025528188347,-0.17918987244693563,32.30821576798846,36.546877434066715,3047.0
original_raw_GD,False,raw,0.0,3,0,33,2650.8520908256482,19508807.601543278,4416.877585075602,0.8216110257150225,14.808268997083823,14.908133598360058,1560.5970916726183
original_raw_ridge_GD_0.0001,False,raw,0.0001,3,0,33,2650.7150058879556,19508291.742258526,4416.819188313975,0.8216157427438928,14.806820170150448,14.906774569400023,1560.596491023316
original_raw_ridge_GD_0.001,False,raw,0.001,3,0,33,2649.4712930588803,19503356.63992858,4416.260481439991,0.8216608694302907,14.793824424690383,14.894564148731462,1560.607005495518
original_raw_ridge_GD_0.01,False,raw,0.01,3,0,33,2637.327695113844,19454289.07445263,4410.701653303319,0.822109544349573,14.668184084780858,14.776332053602498,1560.6595148961605
original_raw_ridge_GD_0.1,False,raw,0.1,3,0,33,2551.0735484573042,18936077.669903684,4351.5603718555585,0.8268480810560885,13.854016680416906,14.001984324705754,1538.2562768604494
original_raw_ridge_GD_1,False,raw,1.0,3,0,33,2306.3920734090425,15512276.555860413,3938.5627525609407,0.8581553952376907,12.417446360228013,12.503140087254883,1346.7500418694362
original_raw_ridge_GD_10,False,raw,10.0,3,0,33,2298.7444397385107,14447230.975848142,3800.9513251090366,0.8678941959099629,12.74613886162502,12.848971646605339,1478.6167279428264
original_raw_ridge_GD_100,False,raw,100.0,3,0,33,2744.27950432696,22648444.36573288,4759.038176536607,0.7929021167222001,14.150741860703691,14.424411644876436,1403.7076976788176
original_raw_ridge_GD_1000,False,raw,1000.0,3,0,33,4128.074252341327,52010129.63175314,7211.80488031624,0.524418208076274,22.370239267194005,22.630639036210603,2101.9831124976226
original_raw_ridge_GD_10000,False,raw,10000.0,3,0,33,6052.290260677596,100400961.22538239,10020.028005219467,0.08193135859287859,35.11126972167585,35.16097935540655,3459.717121298767
original_log_GD,False,log,0.0,3,0,33,2859.013824606048,27881198.681081545,5280.265019966474,0.7450536938936057,16.28488340073097,16.783149886653568,1490.8520040383828
original_log_ridge_GD_0.0001,False,log,0.0001,3,0,33,2858.8153347702482,27880007.212525696,5280.152195962319,0.7450645887088047,16.283478495015526,16.781785956998394,1490.9222284487987
original_log_ridge_GD_0.001,False,log,0.001,3,0,33,2857.0545323588453,27869729.881750017,5279.178902229969,0.7451585648519348,16.270862882035452,16.769560395314006,1491.5374992888756
original_log_ridge_GD_0.01,False,log,0.01,3,0,33,2839.7885727382027,27763791.229169816,5269.135719372753,0.7461272702672991,16.149059360065003,16.650796961267613,1497.8605010674055
original_log_ridge_GD_0.1,False,log,0.1,3,0,33,2765.930300751883,26711857.17364985,5168.351494785339,0.7557461788655262,15.407462695152194,15.906393908353545,1558.646844914625
original_log_ridge_GD_1,False,log,1.0,3,0,33,2296.598630635567,18528843.742723852,4304.514344583353,0.8305718372203509,12.936091499514038,13.156693004646991,1572.294283060879
original_log_ridge_GD_10,False,log,10.0,3,0,33,1841.6647084012814,10149389.203111075,3185.8106037727784,0.9071937574791201,11.22099034808999,11.247152708185284,1294.9717596792707
original_log_ridge_GD_100,False,log,100.0,3,0,33,2203.3219928692197,14575442.695050757,3817.779812279744,0.8667218250738252,12.107551328808967,12.26905041704239,1077.0124791639391
original_log_ridge_GD_1000,False,log,1000.0,3,0,33,3975.631720999481,51178914.2483732,7153.943964581579,0.5320188601858018,20.09651800350324,21.13710623263229,1758.475062331534
original_log_ridge_GD_10000,False,log,10000.0,3,0,33,6029.046322586065,102861295.39704737,10142.055777654123,0.05943400774264629,34.018451604475416,34.8087788965228,3391.9459393241814
mean_baseline,False,raw,,3,0,33,6602.919423779783,116188055.69245942,10779.056345175093,-0.06242618731367555,38.77383407097367,38.822087556059934,3776.905854961831
median_baseline,False,raw,,3,0,33,6538.575757575758,134790465.54545453,11609.929609840645,-0.23252704025571025,31.10618631692604,37.5921962992073,2520.0
original_raw_GD,False,raw,0.0,3,1,32,2702.298591171969,16777321.31717982,4096.012856080877,0.36967339144851963,19.64255356415966,18.293233899631616,1716.0539882540997
original_raw_ridge_GD_0.0001,False,raw,0.0001,3,1,32,2701.6705528288085,16761082.762249619,4094.0301369493627,0.3702834765189206,19.639732043546402,18.290982471203012,1716.3818868534809
original_raw_ridge_GD_0.001,False,raw,0.001,3,1,32,2695.9532095785867,16613918.407448959,4076.01746898231,0.37581246454433204,19.61403844841132,18.270501887831514,1719.328178642525
original_raw_ridge_GD_0.01,False,raw,0.01,3,1,32,2643.527855283759,15320020.953304846,3914.079834814927,0.4244243960121348,19.37831555449051,18.08402453707328,1747.1265819116497
original_raw_ridge_GD_0.1,False,raw,0.1,3,1,32,2373.3895038729634,9992397.168794386,3161.0753184311166,0.6245840620423714,18.236471658660907,17.24626828878525,1975.628449640054
original_raw_ridge_GD_1,False,raw,1.0,3,1,32,2193.96520544811,7002013.806742651,2646.1318573991452,0.7369332366952228,17.33722222331061,16.81145814219261,2116.578771599674
original_raw_ridge_GD_10,False,raw,10.0,3,1,32,2036.341180449419,5603758.171426646,2367.2258387037446,0.7894659214924217,16.7172932932327,16.21186716857867,1697.528171642406
original_raw_ridge_GD_100,False,raw,100.0,3,1,32,1640.1954576620624,4076052.9008725584,2018.9236986257204,0.846862049506524,13.20808263882245,12.397755413463356,1314.8104772237566
original_raw_ridge_GD_1000,False,raw,1000.0,3,1,32,2204.137053588972,7667472.9705430735,2769.0202185146777,0.7119318309333683,18.984192558868674,17.325556010451233,1888.6402344705702
original_raw_ridge_GD_10000,False,raw,10000.0,3,1,32,3451.091374952138,20855171.082282733,4566.746224861059,0.21646793248244933,31.721804909851016,27.099992019849346,2459.3055812099137
original_log_GD,False,log,0.0,3,1,32,2293.8374861579387,14713779.223176982,3835.8544319586713,0.4472009934492108,15.39841356820606,15.165229256652987,1392.8492447378303
original_log_ridge_GD_0.0001,False,log,0.0001,3,1,32,2293.1754121161034,14696818.815236595,3833.6430213618737,0.44783819865107855,15.394909219266706,15.162104022010608,1393.1859149638249
original_log_ridge_GD_0.001,False,log,0.001,3,1,32,2287.233968290156,14545148.603557322,3813.810247450353,0.4535364724302299,15.363494171197942,15.13403628367141,1396.2155745972477
original_log_ridge_GD_0.01,False,log,0.01,3,1,32,2232.2854023015766,13193102.39841048,3632.231049700787,0.5043330616463183,15.075001417841877,14.872510487159186,1422.0044627107454
original_log_ridge_GD_0.1,False,log,0.1,3,1,32,1925.131458607188,7286438.368191978,2699.3403579748847,0.7262473610528749,13.526670043617633,13.37073672473168,1500.9089981101079
original_log_ridge_GD_1,False,log,1.0,3,1,32,1511.7006975566524,3783841.947505044,1945.2100008752382,0.8578404611215613,11.661998923104536,11.47010720227352,1124.578104945243
original_log_ridge_GD_10,False,log,10.0,3,1,32,1473.0682198726563,3472919.2518985495,1863.577004552951,0.8695218758443419,11.602556924675442,11.32634135090981,1058.5076275067981
original_log_ridge_GD_100,False,log,100.0,3,1,32,1458.0792608256952,3553478.931468645,1885.0673546238727,0.8664952359743995,11.200849575366567,10.890008957497841,1177.677040130131
original_log_ridge_GD_1000,False,log,1000.0,3,1,32,2118.9572039880595,8733844.065851301,2955.307778531925,0.6718681006598904,16.52082021564291,16.09643338247168,1989.9307662978918
original_log_ridge_GD_10000,False,log,10000.0,3,1,32,3375.5077916529226,21347003.31299039,4620.281735239789,0.1979897179869795,30.16399564133174,26.456741966389565,2600.427473828712
mean_baseline,False,raw,,3,1,32,3856.5286463068182,26804739.446392406,5177.329373952599,-0.007058289516666205,35.675306927823016,29.927940864222464,3142.5
median_baseline,False,raw,,3,1,32,4292.328125,35127490.9296875,5926.8449388935005,-0.31974537567924033,30.49977394436899,33.83975225069702,3254.0
original_raw_GD,False,raw,0.0,3,2,33,2783.809608669986,13226750.987367114,3636.860045061827,0.693521850938073,21.92343909205384,26.377336485173487,2457.769472810851
original_raw_ridge_GD_0.0001,False,raw,0.0001,3,2,33,2783.771820076206,13226241.648820797,3636.790019896777,0.6935336528639631,21.923404976929557,26.37729114139487,2457.812401482881
original_raw_ridge_GD_0.001,False,raw,0.001,3,2,33,2783.4346644206366,13221689.776439914,3636.1641569709027,0.6936391246781215,21.923131026958142,26.37692553634366,2458.218628683713
original_raw_ridge_GD_0.01,False,raw,0.01,3,2,33,2780.0344330112844,13176298.697147215,3629.917174970693,0.6946908851579882,21.919710741784336,26.372211205679985,2462.0365640360505
original_raw_ridge_GD_0.1,False,raw,0.1,3,2,33,2749.425328580244,12763059.130453419,3572.542390294819,0.7042660935852452,21.874116253626752,26.28733294696195,2281.5864018022585
original_raw_ridge_GD_1,False,raw,1.0,3,2,33,2556.5718510064266,10634687.130955353,3261.0868021190963,0.753582778502381,20.941800777851654,24.633381180884857,2048.6904380831584
original_raw_ridge_GD_10,False,raw,10.0,3,2,33,2226.152090973244,7504800.2253451655,2739.489044574766,0.8261056487462335,18.338816537746517,20.163192331227666,1841.1175341643411
original_raw_ridge_GD_100,False,raw,100.0,3,2,33,2045.9301199223912,7196750.64843416,2682.676023755787,0.8332434911567519,16.581934622404,17.25425030077976,1753.4393365881078
original_raw_ridge_GD_1000,False,raw,1000.0,3,2,33,2506.7873311101534,13581751.894688474,3685.342846288317,0.6852960953390547,21.284429360038928,19.57933419094694,2037.773931568845
original_raw_ridge_GD_10000,False,raw,10000.0,3,2,33,4517.813685464407,34916403.02545311,5909.010325380479,0.19094911657732205,44.504301346183375,36.0588793745585,4213.031341689395
original_log_GD,False,log,0.0,3,2,33,2014.0073446311183,7361575.007775476,2713.222255506444,0.8294243321947746,14.31286334877523,14.494031729912798,1632.9152516798858
original_log_ridge_GD_0.0001,False,log,0.0001,3,2,33,2013.8963964758736,7360690.831374929,2713.0593121741604,0.8294448195198133,14.312236609629112,14.493467419923908,1632.8875666463064
original_log_ridge_GD_0.001,False,log,0.001,3,2,33,2012.9009293008398,7352764.761665225,2711.5981932552663,0.8296284751413855,14.30661337786715,14.488404792531053,1632.6393320179814
original_log_ridge_GD_0.01,False,log,0.01,3,2,33,2003.1019150246602,7275442.482052779,2697.3028161577963,0.8314201161240807,14.251353178654766,14.438619518221508,1630.2515170597326
original_log_ridge_GD_0.1,False,log,0.1,3,2,33,1919.1902597999626,6667501.743705081,2582.150604380984,0.8455067616204766,13.78050318904632,14.014402650479601,1409.429029696883
original_log_ridge_GD_1,False,log,1.0,3,2,33,1676.8643704332105,5218025.033850617,2284.2996812700862,0.8790927072218457,12.480011977360979,12.89983940078972,1288.3616258697311
original_log_ridge_GD_10,False,log,10.0,3,2,33,1691.8681252370266,5219590.482077062,2284.642309438627,0.8790564340905718,12.752463934194575,13.205664385348728,1378.5157402027908
original_log_ridge_GD_100,False,log,100.0,3,2,33,1811.5663142109945,6381110.774335274,2526.086058378707,0.8521427506312579,13.778327208967708,13.959533695664671,1197.127744540776
original_log_ridge_GD_1000,False,log,1000.0,3,2,33,2684.8549251020195,16683524.753584996,4084.5470683522544,0.6134246580138134,21.515237200151887,20.676773466824855,2172.720747758276
original_log_ridge_GD_10000,False,log,10000.0,3,2,33,4503.816280634436,35777590.076099716,5981.437124646527,0.17099447968044879,43.27830167971718,35.86661327707361,4236.410501096345
mean_baseline,False,raw,,3,2,33,5129.0021690955355,43717998.87388849,6611.958777388777,-0.012993394096387556,51.355907436135496,40.27768156723066,4748.656488549619
median_baseline,False,raw,,3,2,33,4942.989909090909,48953320.465269364,6996.66495305223,-0.1343014668500686,38.2632317505297,39.049955822084804,3766.0
original_raw_GD,False,raw,0.0,3,3,33,2688.5977209933626,12961422.573096061,3600.1975741750703,0.8552381807314668,19.081615188489096,17.88455467262684,1677.5858440922111
original_raw_ridge_GD_0.0001,False,raw,0.0001,3,3,33,2688.3780392149483,12959336.067060085,3599.9077859106455,0.8552614842236552,19.079204242340936,17.882945713249633,1677.59690791709
original_raw_ridge_GD_0.001,False,raw,0.001,3,3,33,2686.401508127373,12940579.567493666,3597.3017064869146,0.8554709693310986,19.05750119757384,17.868457180871133,1677.7050583421642
original_raw_ridge_GD_0.01,False,raw,0.01,3,3,33,2667.2708692189235,12762463.032069629,3572.458961565497,0.857460293694561,18.847858298934998,17.72663404024608,1678.7467498574533
original_raw_ridge_GD_0.1,False,raw,0.1,3,3,33,2526.6594059224763,11607346.380570052,3406.9555882884724,0.8703614075187137,17.350446199409074,16.611461823838106,1637.2550511679128
original_raw_ridge_GD_1,False,raw,1.0,3,3,33,2304.176952627111,9643175.50182906,3105.346277281981,0.8922985790102919,16.793641913375385,16.5240206487548,1482.1296940900374
original_raw_ridge_GD_10,False,raw,10.0,3,3,33,1934.0301479068514,7715093.802607727,2777.605768032556,0.9138326824548472,15.231855601084165,15.543216340203307,1052.994662058918
original_raw_ridge_GD_100,False,raw,100.0,3,3,33,1586.2965303610888,6028569.388981388,2455.314519360277,0.9326689128902403,13.598946567113511,13.28382577298714,792.8804707140589
original_raw_ridge_GD_1000,False,raw,1000.0,3,3,33,4017.7235197578566,28886216.39081609,5374.589881173827,0.6773794533017676,28.91922720126348,27.308746387094583,2581.993031140946
original_raw_ridge_GD_10000,False,raw,10000.0,3,3,33,6982.0844862424765,75960345.77757317,8715.523264702651,0.15162415352054115,55.66368197092197,48.775287604806635,5320.581386543357
original_log_GD,False,log,0.0,3,3,33,2632.038446968279,18658083.63189844,4319.500391468721,0.7916140674076577,14.65249099251733,14.03435021883672,1014.8132649118106
original_log_ridge_GD_0.0001,False,log,0.0001,3,3,33,2631.830091972595,18655111.174156282,4319.156303510708,0.7916472657998888,14.651415686253966,14.033336500031316,1014.8347411226223
original_log_ridge_GD_0.001,False,log,0.001,3,3,33,2629.959899519762,18628447.202156935,4316.068489048446,0.7919450668378367,14.64176952970296,14.024240574873877,1015.0264053387618
original_log_ridge_GD_0.01,False,log,0.01,3,3,33,2611.6932294937315,18369403.59760841,4285.9542225283285,0.7948382387294901,14.548139407960575,13.935765255914623,1016.7652214840891
original_log_ridge_GD_0.1,False,log,0.1,3,3,33,2482.6570871727827,16407783.242252976,4050.6521996158813,0.8167469242733801,14.155812018030645,13.57949702811156,1025.259616090525
original_log_ridge_GD_1,False,log,1.0,3,3,33,2127.2376939130263,10815676.445008408,3288.719575307145,0.8792033058123461,12.94189950568466,12.386599785695823,1032.8790829412083
original_log_ridge_GD_10,False,log,10.0,3,3,33,1631.2461908079845,6145773.546531042,2479.0670718096844,0.9313598986229376,10.839162944769768,10.149829976191668,1085.9338020789646
original_log_ridge_GD_100,False,log,100.0,3,3,33,1439.645721576104,4290659.603294385,2071.390741336454,0.9520790494614256,10.651124033599036,10.104258172401565,897.0115361778408
original_log_ridge_GD_1000,False,log,1000.0,3,3,33,4403.215913613466,37775135.87283784,6146.14805165299,0.578102067020116,29.49520946533996,29.09055512646253,2366.6283656434916
original_log_ridge_GD_10000,False,log,10000.0,3,3,33,7013.793800752161,79397380.36953226,8910.520768705512,0.11323705691791652,54.56523275243218,48.81223756883129,5145.95810403551
mean_baseline,False,raw,,3,3,33,7735.933842933148,91458928.4657149,9563.416150399129,-0.021474363510777916,62.736532205955285,53.914715662228595,6116.646312977098
median_baseline,False,raw,,3,3,33,7285.515151515152,102233108.18181819,10111.038926926263,-0.14180759453023994,48.83858505449272,49.93817272010283,4418.0
original_raw_GD,False,raw,0.0,3,4,33,1442.34295800196,5939788.168373027,2437.1680632186667,0.8295373508430155,12.29359044062784,11.482631182230774,878.2532701908349
original_raw_ridge_GD_0.0001,False,raw,0.0001,3,4,33,1442.26034814481,5938405.3403675025,2436.8843510448955,0.8295770358483503,12.29325070536071,11.48241804940091,878.5349685472456
original_raw_ridge_GD_0.001,False,raw,0.001,3,4,33,1441.5054967387484,5925943.441900776,2434.326075508533,0.8299346728828618,12.290070329489472,11.480375197464705,880.9946394590006
original_raw_ridge_GD_0.01,False,raw,0.01,3,4,33,1435.3569084428234,5806298.462340824,2409.6262080125257,0.8333682970452045,12.266207126934049,11.46746357683741,905.1156834014419
original_raw_ridge_GD_0.1,False,raw,0.1,3,4,33,1390.4094859902812,4927722.293958359,2219.8473582564993,0.8585820617289525,12.094396666040197,11.37435700326139,982.5114381343483
original_raw_ridge_GD_1,False,raw,1.0,3,4,33,1310.8309990677164,2966212.2494006143,1722.269505449311,0.9148743383329739,12.166965419356961,11.530066602947844,1049.0459906085362
original_raw_ridge_GD_10,False,raw,10.0,3,4,33,1393.8522918827555,3308579.1064246064,1818.950001078811,0.9050489439287411,14.168255104870484,13.033661367842827,1188.8456823802717
original_raw_ridge_GD_100,False,raw,100.0,3,4,33,1794.335084853461,5774656.821938088,2403.0515645607957,0.8342763627360725,16.799616969691385,15.144307150511585,1347.8960963939571
original_raw_ridge_GD_1000,False,raw,1000.0,3,4,33,2796.7495918406858,12677337.299420457,3560.524862912834,0.6361802072635548,28.927091824610297,24.91868626206322,2501.528879927333
original_raw_ridge_GD_10000,False,raw,10000.0,3,4,33,4902.2663279546005,34321388.72232525,5858.445930647927,0.015029715115793985,53.59450716394504,41.54266816052793,4985.967771383022
original_log_GD,False,log,0.0,3,4,33,1681.440737910779,13271790.943500191,3643.0469312788423,0.6191203155471453,13.518543321273253,12.09147945578783,1011.8326281402342
original_log_ridge_GD_0.0001,False,log,0.0001,3,4,33,1681.3256861373668,13268767.98226238,3642.632013017837,0.6192070698162015,13.517955962291635,12.091037336559971,1011.8448645691751
original_log_ridge_GD_0.001,False,log,0.001,3,4,33,1680.292364439136,13241615.909740774,3638.9031190374903,0.6199862919165418,13.512685781890823,12.087068821079413,1011.951998585112
original_log_ridge_GD_0.01,False,log,0.01,3,4,33,1670.1165278688784,12974297.334150523,3601.9851934940716,0.6276579177847194,13.461189231951534,12.048254676296146,1012.9838548227426
original_log_ridge_GD_0.1,False,log,0.1,3,4,33,1584.7164826601215,10738702.656049332,3276.9959804750038,0.6918159955591947,13.064481833339118,11.750488444247967,1017.4179213223551
original_log_ridge_GD_1,False,log,1.0,3,4,33,1312.3320391078164,4276677.084168604,2068.012834623761,0.877266043048799,12.13011938534655,11.041602742869433,928.8983131724326
original_log_ridge_GD_10,False,log,10.0,3,4,33,1228.268466549347,3022493.5985148703,1738.5320240118874,0.9132591514616257,12.449587290678606,11.256031973330627,877.8809885791088
original_log_ridge_GD_100,False,log,100.0,3,4,33,1479.4920979051067,4730714.1595998,2175.020496363149,0.8642358876796907,13.472762951248033,12.534968358316108,1009.9234351589785
original_log_ridge_GD_1000,False,log,1000.0,3,4,33,2454.3555269258113,12363007.322295476,3516.1068417065308,0.645200986976791,24.024145133814322,21.64340308453952,1991.3262563840362
original_log_ridge_GD_10000,False,log,10000.0,3,4,33,4771.264525348825,33295183.865806565,5770.197905254772,0.04448019271891268,51.22160287506292,40.54672249498667,4641.913894563571
mean_baseline,False,raw,,3,4,33,5567.440436039786,42837745.103558354,6545.055011499778,-0.2293764200456938,60.915445423226465,46.06164543504599,5324.535625954197
median_baseline,False,raw,,3,4,33,4398.560606060606,34910427.371212125,5908.50466456718,-0.001874774690718617,41.122144947854906,37.24659514208416,3639.0
expanded_raw_GD,True,raw,0.0,1,0,33,3015.4430962441975,29148141.99872791,5398.901925274056,0.2477053654121968,19.0125686987028,20.58377467609532,1232.2362697789595
expanded_raw_ridge_GD_0.0001,True,raw,0.0001,1,0,33,3011.9828906999,29098464.78450236,5394.299285774044,0.24898750208234133,18.99108311241866,20.55807023381697,1230.1032820617293
expanded_raw_ridge_GD_0.001,True,raw,0.001,1,0,33,2985.0359402491827,28711124.169041455,5358.276231125216,0.25898451207295736,18.82585683754164,20.363425210738644,1216.9033053159583
expanded_raw_ridge_GD_0.01,True,raw,0.01,1,0,33,2869.3242156245174,26896188.491304006,5186.15353526137,0.30582682444207665,18.152009821706585,19.634486414522332,1228.0084031026672
expanded_raw_ridge_GD_0.1,True,raw,0.1,1,0,33,2575.4890025205827,21422216.165900342,4628.414001134767,0.4471064988193669,16.44654693408754,18.058564625054746,1403.985088319001
expanded_raw_ridge_GD_1,True,raw,1.0,1,0,33,2295.248141907272,13273520.907769652,3643.2843572482307,0.6574190368140813,15.530901187710604,16.907269827218503,1316.7128548749788
expanded_raw_ridge_GD_10,True,raw,10.0,1,0,33,2020.2760258362648,8197208.8269090215,2863.0768112135975,0.7884353582691972,14.749129775709418,15.516874515163853,1175.0267707371295
expanded_raw_ridge_GD_100,True,raw,100.0,1,0,33,1680.5564545586299,4390450.98659756,2095.340303291463,0.88668530842267,13.210188971779719,13.14147366655049,1493.5298795842682
expanded_raw_ridge_GD_1000,True,raw,1000.0,1,0,33,2197.1878997181207,7150009.08443612,2673.9500901168894,0.8154629042321088,18.545801812884534,17.12066903809867,2053.5607131185097
expanded_raw_ridge_GD_10000,True,raw,10000.0,1,0,33,3901.6715891617023,27206104.207481377,5215.9471055103095,0.297828100871125,34.11687011348959,29.57043980975815,3507.3076008065727
expanded_log_GD,True,log,0.0,1,0,33,3277.8799904775583,47938773.10238629,6923.783149578436,-0.2372686326017357,19.522546340814227,18.820027279983435,1404.6343850169242
expanded_log_ridge_GD_0.0001,True,log,0.0001,1,0,33,3276.9400660872493,48101697.46244681,6935.538729071218,-0.24147360463468814,19.50325104814487,18.799173854393946,1407.1769311567778
expanded_log_ridge_GD_0.001,True,log,0.001,1,0,33,3268.148441749685,49272039.09569741,7019.404468735037,-0.2716793629079799,19.35132634265628,18.638379145774607,1426.8020662529661
expanded_log_ridge_GD_0.01,True,log,0.01,1,0,33,3196.101370076953,51540574.08026505,7179.176420750855,-0.33022877910539794,18.660315157596248,18.007547026626856,1406.0751453509838
expanded_log_ridge_GD_0.1,True,log,0.1,1,0,33,2781.470916542606,33700343.13826991,5805.199663945238,0.13021600732579164,16.763585181751402,16.75813909972891,1452.8574012284198
expanded_log_ridge_GD_1,True,log,1.0,1,0,33,2015.0064359427158,10978299.240218937,3313.351662624862,0.7166572189858105,13.429100205316708,13.948440007339407,1179.1221452873178
expanded_log_ridge_GD_10,True,log,10.0,1,0,33,1854.3172072979035,9079304.986995937,3013.188508373802,0.7656690286536474,12.555419303322859,12.827763373725542,1168.7767477394518
expanded_log_ridge_GD_100,True,log,100.0,1,0,33,1906.9549944453913,8251798.830072453,2872.5944423242995,0.7870264257038291,13.19310448535532,13.227955945184245,1409.9488646307018
expanded_log_ridge_GD_1000,True,log,1000.0,1,0,33,2110.9002299274894,7203111.2887087725,2683.861264802779,0.8140923707908745,16.928095626839973,16.59655991218599,1777.2505946488127
expanded_log_ridge_GD_10000,True,log,10000.0,1,0,33,3886.7358387756553,28418967.934763044,5330.94437550825,0.2665248749378911,32.61852926602236,29.27351592418706,3244.321410481294
expanded_raw_GD,True,raw,0.0,1,1,33,1784.9694972024085,6740330.428281937,2596.2146344788093,0.807263336632578,15.16376994019171,15.058542062405083,1344.0873063158979
expanded_raw_ridge_GD_0.0001,True,raw,0.0001,1,1,33,1783.830425404222,6732288.886820407,2594.6654672270192,0.8074932808298421,15.15733949324444,15.050393678261923,1348.1687600545756
expanded_raw_ridge_GD_0.001,True,raw,0.001,1,1,33,1774.7455152680748,6667221.104464384,2582.0962616572574,0.8093538642830503,15.107213863279185,14.988205572879847,1310.080773567608
expanded_raw_ridge_GD_0.01,True,raw,0.01,1,1,33,1724.2617812772346,6246995.019629173,2499.398931669207,0.8213700368302082,14.865777006288026,14.692958317937913,1332.7912647981102
expanded_raw_ridge_GD_0.1,True,raw,0.1,1,1,33,1589.4436284974993,5114729.8354759365,2261.576847130324,0.8537466415030476,13.993458204681572,13.64588206387982,1262.078156746953
expanded_raw_ridge_GD_1,True,raw,1.0,1,1,33,1336.1227492253797,3539340.947873801,1881.3136229437666,0.8987941656464514,11.61169606658913,11.133855109202516,1021.8114026743187
expanded_raw_ridge_GD_10,True,raw,10.0,1,1,33,1439.8011528028733,3156852.3730154503,1776.7533236258348,0.9097312513692873,13.289806635333514,12.58981402207294,1061.5484373290928
expanded_raw_ridge_GD_100,True,raw,100.0,1,1,33,1567.6372031070523,4065191.3665830283,2016.2319724136478,0.8837577136192454,14.8072965721446,13.487711187094382,1354.7514770207054
expanded_raw_ridge_GD_1000,True,raw,1000.0,1,1,33,2572.849240986207,9603711.890665706,3098.985622855599,0.7253862543619025,24.904611219189928,22.009202043824832,2294.837574525516
expanded_raw_ridge_GD_10000,True,raw,10000.0,1,1,33,4633.758746580783,29817683.996164385,5460.557114083176,0.14737697448020193,49.005178499842636,38.78918691037621,4279.210147761487
expanded_log_GD,True,log,0.0,1,1,33,1412.3413841190143,4899311.128464771,2213.4387564296358,0.8599064408271349,11.185308905907624,10.864616511392997,812.0934213527489
expanded_log_ridge_GD_0.0001,True,log,0.0001,1,1,33,1411.5455290018454,4900912.239298112,2213.800406382227,0.8598606577957266,11.179890024053476,10.860064119711819,804.2468112439637
expanded_log_ridge_GD_0.001,True,log,0.001,1,1,33,1407.625971639005,4930786.31969821,2220.5373943480913,0.8590064221408505,11.156163670685016,10.841482476187418,774.0495554698755
expanded_log_ridge_GD_0.01,True,log,0.01,1,1,33,1383.0971011126064,4868288.911712748,2206.4199309543837,0.8607935069154616,11.092515871264075,10.807016928987219,859.752659821097
expanded_log_ridge_GD_0.1,True,log,0.1,1,1,33,1268.9854323389882,3727454.573677989,1930.6616932228155,0.8934151426212125,10.710085563073592,10.552560817046698,896.0127224953612
expanded_log_ridge_GD_1,True,log,1.0,1,1,33,1064.1452894559357,1877332.7838752405,1370.1579412152603,0.9463185283504543,9.73125904305122,9.63690695593094,807.9794409479491
expanded_log_ridge_GD_10,True,log,10.0,1,1,33,987.3496958682795,1672025.1149095842,1293.0681014198688,0.9521892071697224,9.517380596650654,9.259724124540076,651.5621920213671
expanded_log_ridge_GD_100,True,log,100.0,1,1,33,1171.588885233042,2263545.075391936,1504.5082503568854,0.9352749646542176,10.714555000593604,10.20065096040706,891.4204533673037
expanded_log_ridge_GD_1000,True,log,1000.0,1,1,33,2222.908109744662,9459625.509364594,3075.650420539466,0.729506338483022,20.466347252615442,18.930543439750355,1557.582489348095
expanded_log_ridge_GD_10000,True,log,10000.0,1,1,33,4436.529130576106,29208352.20486015,5404.47520161395,0.16480053814510787,45.85170536067472,37.22674561643499,3817.4916710156103
expanded_raw_GD,True,raw,0.0,1,2,32,4955.811618288011,120619985.06847748,10982.713010384889,0.11180621780428712,21.707659847300054,27.365587789669867,1836.213278893606
expanded_raw_ridge_GD_0.0001,True,raw,0.0001,1,2,32,4848.205643738502,113179708.0106557,10638.595208515817,0.16659322359622986,21.275217053298224,27.21715500843279,1828.4806810707341
expanded_raw_ridge_GD_0.001,True,raw,0.001,1,2,32,4169.825533799252,71110601.85386387,8432.710231821313,0.47637205908340896,18.736920966708396,24.72429190300561,1528.3790962227013
expanded_raw_ridge_GD_0.01,True,raw,0.01,1,2,32,2744.1193126719572,17195536.47674144,4146.750110235899,0.8733794522401022,14.202177329750294,15.554629892876836,1264.8407908093513
expanded_raw_ridge_GD_0.1,True,raw,0.1,1,2,32,2234.677612359374,11666313.96724741,3415.5986250213023,0.9140942728440106,12.454517614145594,13.473624091140637,1359.466272005895
expanded_raw_ridge_GD_1,True,raw,1.0,1,2,32,2246.171844696391,11617297.885594863,3408.4157442417236,0.9144552062243843,11.950796412248344,12.786628108137293,1330.5378028672658
expanded_raw_ridge_GD_10,True,raw,10.0,1,2,32,2329.301039192232,12634437.384009281,3554.4953768445503,0.9069654276640199,11.60530036187321,12.312223988595468,1423.296491080433
expanded_raw_ridge_GD_100,True,raw,100.0,1,2,32,2460.386152322944,18709393.47953521,4325.43564043383,0.8622320592417402,11.226105142223355,11.980791284064543,1027.1603470199598
expanded_raw_ridge_GD_1000,True,raw,1000.0,1,2,32,4824.115716639438,55685377.22750601,7462.263545835541,0.5899567904554552,23.374903973777368,24.803679316550433,1971.9235889452912
expanded_raw_ridge_GD_10000,True,raw,10000.0,1,2,32,8171.396886465525,130614615.93546626,11428.675160991595,0.03821004726620347,45.891174175162455,47.059366129371426,4411.458809349191
expanded_log_GD,True,log,0.0,1,2,32,4544.309491901196,78940887.82785827,8884.868475552032,0.41871319508199334,18.901932450110877,24.696672596822577,1296.9985287189152
expanded_log_ridge_GD_0.0001,True,log,0.0001,1,2,32,4509.529156694341,77632952.89862141,8810.956412252952,0.4283442663427405,18.741673802270434,24.418931135310938,1295.318305374537
expanded_log_ridge_GD_0.001,True,log,0.001,1,2,32,4258.8182210924,66664970.98502664,8164.861969747354,0.5091077760825189,17.68850942434701,22.376555758252266,1179.6113419410153
expanded_log_ridge_GD_0.01,True,log,0.01,1,2,32,2986.346530150011,26126122.797931135,5111.3719095690085,0.8076184488927743,13.625037844470523,15.245578353099154,903.6133328532219
expanded_log_ridge_GD_0.1,True,log,0.1,1,2,32,2771.0098901496476,20681788.560564365,4547.72344811823,0.8477081887072766,12.606389822404099,13.677140530874492,1014.5397269030263
expanded_log_ridge_GD_1,True,log,1.0,1,2,32,2298.946984008512,16107754.319916936,4013.446688311299,0.8813894130067733,10.890563447589061,11.718991235774972,1049.0372244373993
expanded_log_ridge_GD_10,True,log,10.0,1,2,32,2088.3608130955436,11685729.931310061,3418.439692507396,0.9139513020208423,10.396714614808346,10.966119551527765,1443.0933875923884
expanded_log_ridge_GD_100,True,log,100.0,1,2,32,2497.7948041429927,16144702.625081751,4018.047115836467,0.8811173415511896,12.003918652802808,12.63879798527979,1416.616325225612
expanded_log_ridge_GD_1000,True,log,1000.0,1,2,32,5150.756882294154,61511406.77823162,7842.920806576567,0.547056410233179,24.47832150347346,26.53730410830851,2163.161241289089
expanded_log_ridge_GD_10000,True,log,10000.0,1,2,32,8327.769399243647,137441074.21540987,11723.526526408761,-0.012057060586796231,45.61077218656435,47.89307278049941,4211.538992676449
expanded_raw_GD,True,raw,0.0,1,3,33,2262.6077342473673,9717533.08635231,3117.2957970574926,0.5643887366368291,23.567097050835674,26.706160805862993,1522.7141701037508
expanded_raw_ridge_GD_0.0001,True,raw,0.0001,1,3,33,2260.0638878538393,9672444.177483875,3110.0553335083728,0.5664099529662523,23.52168644552589,26.697739259305198,1521.295513346373
expanded_raw_ridge_GD_0.001,True,raw,0.001,1,3,33,2239.790991405763,9340672.522344492,3056.2513840233255,0.5812823972953929,23.175724590193713,26.626079610028135,1510.7675751417592
expanded_raw_ridge_GD_0.01,True,raw,0.01,1,3,33,2137.816418196168,8113602.310638222,2848.438574138158,0.6362887039790708,21.6776308692498,24.15254985074584,1491.8927089599347
expanded_raw_ridge_GD_0.1,True,raw,0.1,1,3,33,1951.611611885622,6677211.613546628,2584.030110804947,0.7006782934646929,19.527028155489003,21.00187905214968,1445.375214970707
expanded_raw_ridge_GD_1,True,raw,1.0,1,3,33,1793.1120310003446,5264626.096785465,2294.4773036108822,0.7640007597837479,18.600309339877693,22.008794136360716,1361.4081488464253
expanded_raw_ridge_GD_10,True,raw,10.0,1,3,33,1586.3195657753192,4418313.073250175,2101.9783712612684,0.801938730471049,17.41242449065286,20.15898650952013,1294.865295573376
expanded_raw_ridge_GD_100,True,raw,100.0,1,3,33,1687.369446116464,5516562.951263232,2348.7364584523384,0.7527070980599782,17.236898919180984,18.404878827187662,964.7027981897481
expanded_raw_ridge_GD_1000,True,raw,1000.0,1,3,33,1834.9157503524498,5284860.670715697,2298.8824830155404,0.7630936974424072,18.226050926575958,16.12536191317201,1631.1167054084235
expanded_raw_ridge_GD_10000,True,raw,10000.0,1,3,33,3826.047513903037,18170969.526511606,4262.742019699481,0.18544357692033864,43.07206392257213,33.95114767623099,4414.98990579836
expanded_log_GD,True,log,0.0,1,3,33,1852.1773680280205,8890897.494048502,2981.7608042981083,0.6014446202139225,16.72398360197264,16.551868174358173,1131.2933508836759
expanded_log_ridge_GD_0.0001,True,log,0.0001,1,3,33,1850.1261507223708,8853636.072427956,2975.506019558347,0.6031149510275763,16.709621458189492,16.53237749701457,1130.1492469329087
expanded_log_ridge_GD_0.001,True,log,0.001,1,3,33,1833.6226432691492,8572598.129855596,2927.8999521594988,0.6157131374324025,16.592887379874334,16.376367226872418,1120.4994338270553
expanded_log_ridge_GD_0.01,True,log,0.01,1,3,33,1770.6677081477576,7510319.3121533,2740.4961799194866,0.6633322825087514,16.084475367401783,15.681513666982868,1089.1792394391568
expanded_log_ridge_GD_0.1,True,log,0.1,1,3,33,1698.0142718619377,6861297.5404522475,2619.4078606532903,0.6924262090648611,15.391924587265029,14.63643713692488,1282.1405153864198
expanded_log_ridge_GD_1,True,log,1.0,1,3,33,1552.4141538997053,5680906.405101664,2383.4652095429597,0.7453400164235318,14.280045296313348,13.402376476028182,1276.2759057907697
expanded_log_ridge_GD_10,True,log,10.0,1,3,33,1394.5136414976807,3845106.4635370974,1960.894301979864,0.8276340641742002,13.082233318545997,12.196587612346027,1147.3636089964539
expanded_log_ridge_GD_100,True,log,100.0,1,3,33,1338.6026585284037,3199952.2893551155,1788.841046419473,0.8565546165800504,11.966006683569686,11.29160341387689,961.625400583448
expanded_log_ridge_GD_1000,True,log,1000.0,1,3,33,1809.6452081989576,4540442.093969391,2130.8313152310743,0.7964640100316073,17.30636668517015,16.12635631650188,1745.0255763517416
expanded_log_ridge_GD_10000,True,log,10000.0,1,3,33,3706.7277715769583,17517548.310031503,4185.397031349774,0.21473471893033624,40.78721092514005,32.969710698767095,4236.435483785714
expanded_raw_GD,True,raw,0.0,1,4,33,1996.6585067261217,8802786.093125263,2966.9489535759226,0.8622298568203334,15.187044894655296,15.42526815762898,1447.6488699131532
expanded_raw_ridge_GD_0.0001,True,raw,0.0001,1,4,33,1997.8114214236014,8799798.749793991,2966.445473929024,0.8622766109631834,15.228506908083753,15.494002378840602,1445.9121692532435
expanded_raw_ridge_GD_0.001,True,raw,0.001,1,4,33,2002.4835926009537,8845663.922471445,2974.1660885820493,0.861558786931123,15.413769636177049,15.850299945522552,1437.8811104200868
expanded_raw_ridge_GD_0.01,True,raw,0.01,1,4,33,2012.1316346166723,8847752.315230122,2974.517156654189,0.8615261020326903,15.577978647151866,16.24658059745137,1438.79696757261
expanded_raw_ridge_GD_0.1,True,raw,0.1,1,4,33,1934.523739467637,7663835.058906959,2768.3632454768212,0.8800552867920364,14.902451437103611,15.214055802102466,1677.725968060191
expanded_raw_ridge_GD_1,True,raw,1.0,1,4,33,1764.92030679778,5456363.316746703,2335.885981110102,0.9146038597966671,13.495819848851085,13.260549712107379,1465.1507856777698
expanded_raw_ridge_GD_10,True,raw,10.0,1,4,33,1689.2521788818692,4883534.265502324,2209.872002063089,0.9235690600835449,13.489527727758158,13.366054607253533,1652.4974843804957
expanded_raw_ridge_GD_100,True,raw,100.0,1,4,33,1829.5552487759362,6357332.209197413,2521.375063174341,0.9005030271738798,14.357506166518105,14.426960014708918,1350.882179438573
expanded_raw_ridge_GD_1000,True,raw,1000.0,1,4,33,2663.259161640403,16653901.358873637,4080.919180634877,0.7393540692186151,20.407591491706306,19.19789164244314,1859.5326004239669
expanded_raw_ridge_GD_10000,True,raw,10000.0,1,4,33,4727.839326463826,48367765.04488306,6954.693741990589,0.2430085378630149,40.620799411264144,34.46576282747081,3145.7916158162407
expanded_log_GD,True,log,0.0,1,4,33,2584.842243794905,28302474.616257053,5320.007012801492,0.5570452423845889,16.49296754185298,16.73778861955531,1379.587937127415
expanded_log_ridge_GD_0.0001,True,log,0.0001,1,4,33,2584.16990341255,28032115.258239836,5294.536359138526,0.561276567225378,16.510621733142354,16.774226292924226,1379.153205360828
expanded_log_ridge_GD_0.001,True,log,0.001,1,4,33,2580.028546874728,26860620.833773557,5182.723302837376,0.5796113254355026,16.58644065706579,16.938740429819724,1413.8830025116586
expanded_log_ridge_GD_0.01,True,log,0.01,1,4,33,2563.19469943762,26019856.784808006,5100.966259916645,0.59276990752314,16.636351038529515,17.06815655072508,1505.4027586437978
expanded_log_ridge_GD_0.1,True,log,0.1,1,4,33,2428.123539756942,23976747.81194445,4896.605743976582,0.6247460810601637,16.31485511215706,16.73449492228834,1437.475520082411
expanded_log_ridge_GD_1,True,log,1.0,1,4,33,2063.9856283557483,13396399.480561454,3660.109217026379,0.7903363940684252,14.905124696927016,15.279535540323117,1157.5300776398435
expanded_log_ridge_GD_10,True,log,10.0,1,4,33,1754.6751497344324,5897277.606036079,2428.4310997094562,0.907703223552331,13.901406683516257,14.161381290712912,1176.0004925132089
expanded_log_ridge_GD_100,True,log,100.0,1,4,33,1743.860710193497,5955629.1885671085,2440.4157819042043,0.90678997792816,14.003961977565913,13.911126855476732,1195.767589153469
expanded_log_ridge_GD_1000,True,log,1000.0,1,4,33,2616.2019344552873,18378505.83584467,4287.015959364354,0.7123627277038926,19.07213230703007,18.482316762648164,1525.5643486935314
expanded_log_ridge_GD_10000,True,log,10000.0,1,4,33,4660.7366403384685,50496330.52103926,7106.077013446959,0.20969490655186007,38.7061938183992,33.747349144568325,3142.5577370814335
expanded_raw_GD,True,raw,0.0,2,0,33,2328.853158706463,11243304.835750954,3353.1037615545024,0.8245854624794828,16.220205053006865,16.4762906799048,1498.2723415943983
expanded_raw_ridge_GD_0.0001,True,raw,0.0001,2,0,33,2322.1428899382963,11161196.908353528,3340.837755466962,0.8258664847697788,16.177060048481216,16.450618399137625,1497.5369995028886
expanded_raw_ridge_GD_0.001,True,raw,0.001,2,0,33,2271.0011961414516,10590708.665557604,3254.336901053363,0.8347670645132661,15.854995019457279,16.259112297664803,1399.049167713867
expanded_raw_ridge_GD_0.01,True,raw,0.01,2,0,33,2109.6466692886943,9172839.291810593,3028.6695580420446,0.8568882205340017,15.022114885620127,15.857520227804281,1478.8443080027755
expanded_raw_ridge_GD_0.1,True,raw,0.1,2,0,33,1972.001638188309,8802736.223974343,2966.9405494506195,0.8626624532376268,14.500909966913664,15.702715150618838,1529.7159094783565
expanded_raw_ridge_GD_1,True,raw,1.0,2,0,33,1815.8296875902372,6659617.863879196,2580.6235416811955,0.8960987178839825,13.668384199834835,14.390751563775748,1274.0358883224799
expanded_raw_ridge_GD_10,True,raw,10.0,2,0,33,1613.6136169535237,4053536.067549165,2013.3395311147012,0.9367579937572349,12.45965289679265,12.253242366282745,1615.2333887945297
expanded_raw_ridge_GD_100,True,raw,100.0,2,0,33,1731.6532391243259,5304676.288119312,2303.1882875959823,0.9172380940150546,13.2120193844103,12.677565556417377,1353.899306344414
expanded_raw_ridge_GD_1000,True,raw,1000.0,2,0,33,2616.547890955779,13086671.87733308,3617.5505355603646,0.7958258244723813,19.275199449056817,18.232877075294457,1724.9320812968726
expanded_raw_ridge_GD_10000,True,raw,10000.0,2,0,33,5080.497902639205,46339420.57556721,6807.30641117081,0.27702680413103487,43.209123021967216,37.398925485444224,4392.441147042975
expanded_log_GD,True,log,0.0,2,0,33,2058.9849591011207,18029781.114039443,4246.148974546164,0.7187049749234924,12.445060212694127,11.90444378497243,888.9709881334929
expanded_log_ridge_GD_0.0001,True,log,0.0001,2,0,33,2049.6036391964662,17957005.17775438,4237.570669352239,0.7198404023972255,12.399813412738133,11.863202060434292,884.8277206365547
expanded_log_ridge_GD_0.001,True,log,0.001,2,0,33,2019.4712560023218,17577510.53836733,4192.5541783460985,0.7257611594728428,12.233777976640686,11.724042198490373,867.1332316770895
expanded_log_ridge_GD_0.01,True,log,0.01,2,0,33,1996.4024585339635,19418776.131882984,4406.674044206467,0.697034307603455,12.114021458467121,11.623150690989775,847.2537395104773
expanded_log_ridge_GD_0.1,True,log,0.1,2,0,33,2314.506252087722,28393958.98222286,5328.598219252683,0.5570063023279677,13.68857558739442,13.087309294651329,1622.1371718316532
expanded_log_ridge_GD_1,True,log,1.0,2,0,33,2031.9400575669888,19835271.4026646,4453.680657912577,0.6905362782098794,12.353335287015286,11.896113298944302,1009.5577639331623
expanded_log_ridge_GD_10,True,log,10.0,2,0,33,1743.6978035813297,7484525.384191904,2735.786063308296,0.8832287678749124,11.81931740316188,11.51367953695851,987.0620154491189
expanded_log_ridge_GD_100,True,log,100.0,2,0,33,1588.3306994925533,4253544.499284485,2062.412300992332,0.9336375245477285,11.657535242528445,11.31408024166336,1004.6563282382631
expanded_log_ridge_GD_1000,True,log,1000.0,2,0,33,2596.5981420971516,13404221.66231355,3661.177633264132,0.7908715117070663,18.780435067888114,18.371821676251123,1809.9947654441003
expanded_log_ridge_GD_10000,True,log,10000.0,2,0,33,5138.647210695313,49149421.33289888,7010.664828167075,0.233186048189571,42.18392433086234,37.577411494799875,4157.520423697966
expanded_raw_GD,True,raw,0.0,2,1,33,2765.4188003298723,17794928.97580899,4218.403605134174,0.7101355447900096,18.781039975380544,19.38127066382676,1499.9066379183532
expanded_raw_ridge_GD_0.0001,True,raw,0.0001,2,1,33,2759.464935085473,17735513.74036702,4211.355332950073,0.7111033690997313,18.730468077996672,19.32662287314796,1499.2938738862395
expanded_raw_ridge_GD_0.001,True,raw,0.001,2,1,33,2718.363779593455,17307550.497145038,4160.234428147654,0.7180745310816128,18.397215470295365,18.975256730763814,1494.3586606753543
expanded_raw_ridge_GD_0.01,True,raw,0.01,2,1,33,2564.054320796204,15133295.038408373,3890.1536008759826,0.7534913273436726,17.395212923570984,17.974939353355943,1452.0589239482997
expanded_raw_ridge_GD_0.1,True,raw,0.1,2,1,33,2195.030680934106,10246783.697143268,3201.059777189934,0.8330884951513545,15.379804980964796,16.20684039281672,1230.5287112168571
expanded_raw_ridge_GD_1,True,raw,1.0,2,1,33,1888.2789810222382,7618178.940232407,2760.104878484223,0.8759062600809118,14.129049398939431,15.111389414895696,1171.0433663595823
expanded_raw_ridge_GD_10,True,raw,10.0,2,1,33,1879.642800158518,6658006.479196115,2580.3113143952446,0.8915466634623626,14.078701297284226,14.99429498226881,1335.7677767783716
expanded_raw_ridge_GD_100,True,raw,100.0,2,1,33,1793.1565463654463,7069094.45216973,2658.7768714523095,0.884850385467021,12.927478461898334,13.398520949318266,1304.0344454721799
expanded_raw_ridge_GD_1000,True,raw,1000.0,2,1,33,2449.3503959965983,16158728.046854371,4019.792040249641,0.7367878844273443,17.3764806309152,16.843368809469254,1653.827561007025
expanded_raw_ridge_GD_10000,True,raw,10000.0,2,1,33,4806.538241006468,46581981.04253988,6825.099343052809,0.2412186316757089,40.06109346980649,35.12663728453742,3884.5703259126967
expanded_log_GD,True,log,0.0,2,1,33,2855.58089146201,28054723.378748372,5296.670971350625,0.5430121064656748,18.447005985515666,16.900659396128535,941.9853030993072
expanded_log_ridge_GD_0.0001,True,log,0.0001,2,1,33,2833.198920513265,27642499.02388424,5257.613434238413,0.5497268951680865,18.34125830111212,16.813996880046517,935.0364035365274
expanded_log_ridge_GD_0.001,True,log,0.001,2,1,33,2736.9792696473214,25213973.559279192,5021.351766136206,0.589285536380889,17.90302884358691,16.503215671220893,913.5611809930961
expanded_log_ridge_GD_0.01,True,log,0.01,2,1,33,2519.7454222595625,18957731.908084445,4354.047761346267,0.6911944611285459,16.62200202617807,15.653215628177113,981.5281227088062
expanded_log_ridge_GD_0.1,True,log,0.1,2,1,33,2243.043967296532,11928132.24380183,3453.7128201113987,0.8057007387204167,14.495375166534796,14.455174590585088,965.9440123942713
expanded_log_ridge_GD_1,True,log,1.0,2,1,33,1662.6413216460112,7440275.802514887,2727.6868959825442,0.8788041528550127,11.11697764022524,11.690788110687537,968.3778709189892
expanded_log_ridge_GD_10,True,log,10.0,2,1,33,1631.196678966872,6165813.137194883,2483.105542902855,0.8995640798359329,11.166381184376533,11.7666364845156,1175.4694836071903
expanded_log_ridge_GD_100,True,log,100.0,2,1,33,1663.787684784283,6142015.499247648,2478.308999952921,0.899951723381363,11.367101804030348,11.859978093078745,1132.0867619223127
expanded_log_ridge_GD_1000,True,log,1000.0,2,1,33,2528.3378255381763,17854806.79842457,4225.494858407069,0.7091601853235447,16.930266577343676,17.14233157274643,1306.259237784163
expanded_log_ridge_GD_10000,True,log,10000.0,2,1,33,4825.077556371911,48666145.802791394,6976.112513627586,0.20726933726608054,38.747742317867434,35.03863464797956,3808.9613773709298
expanded_raw_GD,True,raw,0.0,2,2,33,3455.5333565785977,37676623.44798982,6138.128660103976,-0.11984007123784735,39.16775238325918,29.00458396000318,2110.126476189662
expanded_raw_ridge_GD_0.0001,True,raw,0.0001,2,2,33,3447.6907272879166,37447234.36059181,6119.414543940606,-0.11302207460055369,39.08910999873573,28.96688863574848,2107.263307673593
expanded_raw_ridge_GD_0.001,True,raw,0.001,2,2,33,3382.4553131502385,35563610.564246766,5963.523334761655,-0.057036234754895165,38.431951215960666,28.656342720127693,2084.2984825483018
expanded_raw_ridge_GD_0.01,True,raw,0.01,2,2,33,3031.3829713908012,25855727.69944425,5084.8527706752975,0.23150544557631136,34.73585927468899,27.090408458147035,2004.5592433150487
expanded_raw_ridge_GD_0.1,True,raw,0.1,2,2,33,2348.5424124655724,10524696.761758232,3244.1789040924104,0.6871806416593071,26.339101777007823,24.333716326460408,1754.6112438894597
expanded_raw_ridge_GD_1,True,raw,1.0,2,2,33,2128.8522483741963,6018606.985224492,2453.2849376345366,0.8211124920896806,21.893543966226066,21.75440005646997,1742.696724885107
expanded_raw_ridge_GD_10,True,raw,10.0,2,2,33,1908.8010140017705,5530020.8752965545,2351.5996417963142,0.8356344490506811,19.34666945926722,18.733888326809307,1553.5716653971758
expanded_raw_ridge_GD_100,True,raw,100.0,2,2,33,1759.9877290817494,4849792.621516636,2202.2244711919434,0.8558524724949115,18.70237304610075,18.020937376506456,1476.956321578411
expanded_raw_ridge_GD_1000,True,raw,1000.0,2,2,33,2388.065426585961,7490516.756880705,2736.880844479844,0.7773637855257138,24.825332900818964,21.533369438939015,2074.073304239948
expanded_raw_ridge_GD_10000,True,raw,10000.0,2,2,33,4556.738270237989,29274496.989121478,5410.5911866561755,0.12989138108396447,51.26267976684809,39.21975264666459,4349.377274906066
expanded_log_GD,True,log,0.0,2,2,33,3107.5986456361647,34515495.86530798,5874.989009803166,-0.02588373934231436,26.334779970725176,25.27875114016645,1338.3491128417845
expanded_log_ridge_GD_0.0001,True,log,0.0001,2,2,33,3101.3795797576668,34273189.54309982,5854.330836491889,-0.01868181134848723,26.296298451008475,25.235712776402096,1335.7077191868939
expanded_log_ridge_GD_0.001,True,log,0.001,2,2,33,3050.710945066078,32309420.403531667,5684.1376130009085,0.03968614129420167,25.985399607867883,24.89272898935552,1314.9365280975871
expanded_log_ridge_GD_0.01,True,log,0.01,2,2,33,2767.984011166972,22209120.291568942,4712.655333415435,0.339891408162601,24.29666183505781,23.08660207330023,1414.0271451503177
expanded_log_ridge_GD_0.1,True,log,0.1,2,2,33,2230.1210410649537,9371735.222624052,3061.3289961426967,0.72144943790377,20.94426222738891,19.319948588096103,1388.878270271196
expanded_log_ridge_GD_1,True,log,1.0,2,2,33,1662.8006627908574,4565970.7994078575,2136.8132345639983,0.8642883412220521,17.52847006134176,15.533318681944458,1361.080476339279
expanded_log_ridge_GD_10,True,log,10.0,2,2,33,1604.3754209181757,4706888.594749075,2169.536493066912,0.8600999246514581,16.245309442907857,14.258705823523712,1127.5375006491922
expanded_log_ridge_GD_100,True,log,100.0,2,2,33,1468.0073473116825,3734461.070669921,1932.4753738844697,0.889002814777525,14.439893308668719,12.902451176607402,1260.7102437108842
expanded_log_ridge_GD_1000,True,log,1000.0,2,2,33,2131.2805069930428,6657314.723252248,2580.1772658583454,0.8021285584619626,22.137648131673785,19.71453363964374,1725.3670254331937
expanded_log_ridge_GD_10000,True,log,10000.0,2,2,33,4351.183309588317,28514691.59575768,5339.914942745594,0.15247462894336916,48.139364943657554,37.61209238971616,3929.734432316658
expanded_raw_GD,True,raw,0.0,2,3,32,2637.1566645787316,16778811.04214374,4096.194702665358,0.7789534520687507,18.081938894673414,18.99554391681057,1833.404912007054
expanded_raw_ridge_GD_0.0001,True,raw,0.0001,2,3,32,2619.444562228141,15807494.516588576,3975.8639962388775,0.7917497201942609,18.012078784305974,18.871943374361575,1843.609420287069
expanded_raw_ridge_GD_0.001,True,raw,0.001,2,3,32,2507.9817650633768,11099970.41016252,3331.661809092051,0.8537673417298373,17.567160210247707,18.170498737213236,1904.3220921515795
expanded_raw_ridge_GD_0.01,True,raw,0.01,2,3,32,2314.7799189363004,9270475.255022127,3044.7455156420097,0.8778693825410115,16.676148366283417,17.05201519110309,2000.0249875864656
expanded_raw_ridge_GD_0.1,True,raw,0.1,2,3,32,2372.6787086247214,10632839.63905231,3260.803526594681,0.8599213918664661,16.340522372449705,16.46062107136983,1981.725893817037
expanded_raw_ridge_GD_1,True,raw,1.0,2,3,32,2126.198848501087,9735632.04087943,3120.197436201663,0.8717413379791952,14.648049487738534,14.679183053347767,1554.6713058223058
expanded_raw_ridge_GD_10,True,raw,10.0,2,3,32,1986.645846794233,7198356.378936795,2682.9752848166145,0.9051677842758773,13.991934024553629,14.11047694802437,1592.5906161302555
expanded_raw_ridge_GD_100,True,raw,100.0,2,3,32,1445.6471358533818,4234549.580956241,2057.8021238584242,0.9442134150886472,10.621461580815305,10.655290568467034,912.421807401056
expanded_raw_ridge_GD_1000,True,raw,1000.0,2,3,32,2727.4231317915946,16621998.50870881,4077.008524483216,0.7810193236672257,18.238637331444956,17.772514420118355,1732.2189164412957
expanded_raw_ridge_GD_10000,True,raw,10000.0,2,3,32,5461.417576652663,58567113.1605881,7652.91533734616,0.22842815537227767,40.28639196377461,36.82766944573303,3852.842454185725
expanded_log_GD,True,log,0.0,2,3,32,2929.913189391472,29015917.808651354,5386.642535814991,0.6177399906018742,17.22515339346615,18.4543865698925,1295.9214420599592
expanded_log_ridge_GD_0.0001,True,log,0.0001,2,3,32,2882.8691216468924,27488292.612255674,5242.927866398285,0.6378651517558983,17.079727150346898,18.227304827180333,1292.0792891024353
expanded_log_ridge_GD_0.001,True,log,0.001,2,3,32,2521.0891679379183,18929771.66198088,4350.835742932716,0.7506163774955387,15.975648745881049,16.70346484748536,1295.4670091547414
expanded_log_ridge_GD_0.01,True,log,0.01,2,3,32,2904.083825864735,29728987.957705393,5452.429546331195,0.6083458985839527,16.91697532602967,16.66514382131275,1520.2665644964109
expanded_log_ridge_GD_0.1,True,log,0.1,2,3,32,2530.2395473227966,25737174.898409326,5073.181930347987,0.6609346365182431,15.565683682953818,15.071997908212964,1276.1261378869212
expanded_log_ridge_GD_1,True,log,1.0,2,3,32,2102.3515797055557,8941573.709875152,2990.2464296233434,0.8822023803309851,13.47838985727951,13.28168896283824,1328.6759602622478
expanded_log_ridge_GD_10,True,log,10.0,2,3,32,2108.826726800577,10797902.64541429,3286.016227198869,0.8577468273126473,13.25109294518926,13.107228220528835,1255.764346843735
expanded_log_ridge_GD_100,True,log,100.0,2,3,32,1767.1783859449165,7444730.105267515,2728.5032719913524,0.9019220202244451,11.360653701463892,11.450268466534437,1017.1808681405823
expanded_log_ridge_GD_1000,True,log,1000.0,2,3,32,3039.0682375626593,21813190.23978714,4670.459317860197,0.7126297930311205,19.116659467082194,19.47987052941424,1823.6184783702965
expanded_log_ridge_GD_10000,True,log,10000.0,2,3,32,5510.495142603227,62696958.38851392,7918.141094254,0.17402096115390164,39.12344305910575,36.8892823041627,3675.3842997984857
expanded_raw_GD,True,raw,0.0,2,4,33,1942.0120433195636,8447529.006975446,2906.463315952129,0.8863245785313504,12.515027148651313,13.030694591083655,1111.7493639262466
expanded_raw_ridge_GD_0.0001,True,raw,0.0001,2,4,33,1937.542225768772,8434895.480161084,2904.2891522989034,0.8864945834504305,12.4671528758754,12.976698493052785,1099.973518027513
expanded_raw_ridge_GD_0.001,True,raw,0.001,2,4,33,1909.714594307234,8361845.4105922,2891.6855656506295,0.8874775924983663,12.170067140935528,12.645934436475462,1097.7094785130394
expanded_raw_ridge_GD_0.01,True,raw,0.01,2,4,33,1842.4256134463535,8084327.30965826,2843.2951499375263,0.8912120558027001,11.485979318282254,11.92947857566291,1114.2596937155922
expanded_raw_ridge_GD_0.1,True,raw,0.1,2,4,33,1808.6165030213554,7669973.425143502,2769.471687008824,0.8967878700343521,11.277377895668021,11.73418522270042,1188.4021075251676
expanded_raw_ridge_GD_1,True,raw,1.0,2,4,33,1856.2189980474611,8003719.618681558,2829.084590230833,0.8922967650990902,12.067149186343924,12.399906522566463,1256.1081261690324
expanded_raw_ridge_GD_10,True,raw,10.0,2,4,33,1861.1036562793715,8886044.504656015,2980.946914095589,0.8804236299843596,12.475906830419797,12.381412453389228,1327.5955023936767
expanded_raw_ridge_GD_100,True,raw,100.0,2,4,33,2251.8797690122183,13678269.15827466,3698.4144113761317,0.8159363512993472,14.680985822568593,14.15900179115247,1348.9400378431637
expanded_raw_ridge_GD_1000,True,raw,1000.0,2,4,33,3418.6385867880413,30215130.848850083,5496.829163149432,0.5934056300798429,23.346601796905688,22.18538131136163,2298.7811643609966
expanded_raw_ridge_GD_10000,True,raw,10000.0,2,4,33,4980.018274584944,61471689.112495214,7840.38832663888,0.172797138372347,36.43474816025629,33.21914439360506,3743.2012567979036
expanded_log_GD,True,log,0.0,2,4,33,1758.1221653113193,7673905.034607937,2770.181408248914,0.8967349637510413,11.679016430094558,12.184173980339336,984.816576668235
expanded_log_ridge_GD_0.0001,True,log,0.0001,2,4,33,1757.3999153864793,7666488.250442365,2768.842402601196,0.8968347688023488,11.671621824139368,12.174531661266185,980.6079671287007
expanded_log_ridge_GD_0.001,True,log,0.001,2,4,33,1747.6533577890596,7591246.3659580145,2755.221654596598,0.8978472723313443,11.614424659978532,12.105602737198193,991.1994519424861
expanded_log_ridge_GD_0.01,True,log,0.01,2,4,33,1705.7040763269836,6924187.519735003,2631.385095293922,0.9068236481953607,11.496712739795157,11.970952777938788,1008.5693848636001
expanded_log_ridge_GD_0.1,True,log,0.1,2,4,33,1829.3476190395993,6470883.733690803,2543.7931782459837,0.9129235975283974,11.957621740974396,12.411599335283697,1271.2037063755706
expanded_log_ridge_GD_1,True,log,1.0,2,4,33,1778.4743076560828,6235104.945494693,2497.019212079613,0.9160963896075284,11.767474221114261,12.044819493006937,1393.8478341056652
expanded_log_ridge_GD_10,True,log,10.0,2,4,33,1559.6442699640677,6178466.514642458,2485.6521306575582,0.9168585530156841,10.837760889250093,10.863301756665786,1144.901847338253
expanded_log_ridge_GD_100,True,log,100.0,2,4,33,1938.2218709217934,10602954.286756314,3256.217788594048,0.8573197799777199,12.311110882838545,12.230972428500747,1332.7053934946525
expanded_log_ridge_GD_1000,True,log,1000.0,2,4,33,3290.4794283099463,32870032.643433493,5733.239280148134,0.5576795520506421,20.426314898584472,20.61799640817135,2009.0860843375049
expanded_log_ridge_GD_10000,True,log,10000.0,2,4,33,4939.731603931898,64010989.00137203,8000.686783106312,0.13862667445739463,34.71706744040136,32.70401992151777,3300.1447434173388
expanded_raw_GD,True,raw,0.0,3,0,33,2835.6208024973334,23692103.090361655,4867.453450251132,0.783358877935255,16.844655137444313,15.94052914087531,1246.8135763312694
expanded_raw_ridge_GD_0.0001,True,raw,0.0001,3,0,33,2817.9290495585237,23341697.172115933,4831.324577392408,0.7865629975111893,16.793822078035415,15.904098257011931,1243.307706033038
expanded_raw_ridge_GD_0.001,True,raw,0.001,3,0,33,2720.194408102448,20915611.929480962,4573.358932937689,0.8087471753861784,16.485618506125117,15.699459167704562,1216.7426675330316
expanded_raw_ridge_GD_0.01,True,raw,0.01,3,0,33,2565.0241847870507,15187889.88555644,3897.1643390491554,0.861121594226842,15.704304648389385,15.249126597790575,1240.7443461412258
expanded_raw_ridge_GD_0.1,True,raw,0.1,3,0,33,2238.839690493982,11893469.535790393,3448.690988736218,0.8912458477979229,13.655375612987447,13.440006766398843,1112.7870703990302
expanded_raw_ridge_GD_1,True,raw,1.0,3,0,33,2001.17495332639,10738890.724216709,3277.0246755581056,0.9018033423477951,11.642724401300391,11.596752757514823,1342.3426698439707
expanded_raw_ridge_GD_10,True,raw,10.0,3,0,33,1917.5572307186849,9198899.087674767,3032.9686921685766,0.9158850604138664,11.63814774296905,11.617830765761578,1495.625038825594
expanded_raw_ridge_GD_100,True,raw,100.0,3,0,33,2144.0286801271245,13125712.86648727,3622.94257013374,0.8799781871431973,12.311921364498602,12.317179838357967,1336.1267836167935
expanded_raw_ridge_GD_1000,True,raw,1000.0,3,0,33,3508.647863821986,34364088.57141671,5862.089096168423,0.6857740033271841,19.78539445592361,19.627507784968067,1896.7229220413064
expanded_raw_ridge_GD_10000,True,raw,10000.0,3,0,33,5787.414222315115,90539599.06255831,9515.22984812024,0.17210387539701755,33.728292327405626,33.57508238775275,3243.4460897131157
expanded_log_GD,True,log,0.0,3,0,33,3715.42773920872,57185215.50345542,7562.090683366302,0.4770971067898675,19.70910014457105,18.13140857755991,1648.8964815277668
expanded_log_ridge_GD_0.0001,True,log,0.0001,3,0,33,3689.020728059785,54956747.76035209,7413.281848166309,0.49747426581664034,19.621230768060567,18.098863802858908,1653.3964447157923
expanded_log_ridge_GD_0.001,True,log,0.001,3,0,33,3486.932234024978,40408503.18572521,6356.768297313125,0.6305037405196138,18.954917449676955,17.839994208708347,1685.1732667606811
expanded_log_ridge_GD_0.01,True,log,0.01,3,0,33,2787.4512074599343,20957499.226127088,4577.936131722142,0.8083641570061272,16.59041191601414,16.619560179336858,1620.6169892017479
expanded_log_ridge_GD_0.1,True,log,0.1,3,0,33,3158.2136058727206,33802681.069847696,5814.007315943772,0.6909075261137262,16.504591637580905,17.261638220425603,1698.9811805448917
expanded_log_ridge_GD_1,True,log,1.0,3,0,33,2748.1643799186395,26925011.121475007,5188.931597301607,0.7537970943856365,14.007155427630687,14.538858826843407,1625.3938401720006
expanded_log_ridge_GD_10,True,log,10.0,3,0,33,1959.7382390808268,10125405.646043913,3182.0442558273626,0.907413063662886,11.516637520998668,11.484582913083589,1391.2146591688488
expanded_log_ridge_GD_100,True,log,100.0,3,0,33,2136.774982228419,12869823.311717065,3587.453597151755,0.8823180469715389,11.991897495090566,11.778821669625428,1214.4553356924025
expanded_log_ridge_GD_1000,True,log,1000.0,3,0,33,2966.120845878598,27140944.99331968,5209.697207450706,0.7518225902181594,16.509783034965388,16.831462602464097,1762.923647710133
expanded_log_ridge_GD_10000,True,log,10000.0,3,0,33,5732.049699082059,93636056.07144874,9676.572537394051,0.14378980305515898,32.1206020318027,32.884355841305606,3206.9701768387204
expanded_raw_GD,True,raw,0.0,3,1,32,2890.018385548192,24130585.668165334,4912.289249236585,0.09341008978587295,18.940342095357714,17.782608122596987,2106.7603946740383
expanded_raw_ridge_GD_0.0001,True,raw,0.0001,3,1,32,2876.671503280768,23636909.52113466,4861.780488785426,0.11195758050848104,18.887502935453462,17.743234219850702,2098.7303230782645
expanded_raw_ridge_GD_0.001,True,raw,0.001,3,1,32,2774.8796051438526,20090964.888164725,4482.294600778125,0.24517927975093023,18.48552486906319,17.439483832831726,2042.0635705858467
expanded_raw_ridge_GD_0.01,True,raw,0.01,3,1,32,2368.667418581059,10173479.174080897,3189.5891857856705,0.617780782537611,16.88950040497266,16.13577403728096,1861.327597300212
expanded_raw_ridge_GD_0.1,True,raw,0.1,3,1,32,2019.9557778108256,6536967.597545036,2556.749420171057,0.7544050961369975,15.526506866849433,14.95174089350214,1675.2985344593717
expanded_raw_ridge_GD_1,True,raw,1.0,3,1,32,2009.4344760956726,5953847.561502973,2440.050729288834,0.776313007879764,15.619929388256566,15.195267903422744,1801.6849508754285
expanded_raw_ridge_GD_10,True,raw,10.0,3,1,32,2027.5965971118694,5838950.1643800475,2416.391972420875,0.7806297212150284,15.841099939185982,15.410257544400018,1779.1523827116598
expanded_raw_ridge_GD_100,True,raw,100.0,3,1,32,1650.8981244092033,4119507.2281919187,2029.6569237661618,0.8452294635741051,13.020783694893268,12.3129994713569,1476.1792838382662
expanded_raw_ridge_GD_1000,True,raw,1000.0,3,1,32,1892.416231167253,4874075.4182662945,2207.7308301208946,0.816880217637963,16.409933344350154,15.029711258045875,1878.5480528988019
expanded_raw_ridge_GD_10000,True,raw,10000.0,3,1,32,3269.1536416392005,18090188.572727744,4253.256231727374,0.32034876154944125,30.186302982047685,25.856250339823116,2373.780672107985
expanded_log_GD,True,log,0.0,3,1,32,1955.4577326624042,7365191.351351911,2713.8886033424274,0.7232885990520732,14.626846203255026,13.854978896147468,1252.3200494476878
expanded_log_ridge_GD_0.0001,True,log,0.0001,3,1,32,1946.4993133211078,7357466.532554127,2712.4650288168004,0.7235788217129158,14.601713395835164,13.828413180362023,1174.0027008053876
expanded_log_ridge_GD_0.001,True,log,0.001,3,1,32,1953.1637076073766,7461476.245023504,2731.570289233558,0.719671160407645,14.645193914851337,13.858230624893867,1192.3962412700685
expanded_log_ridge_GD_0.01,True,log,0.01,3,1,32,2211.4720974982465,10660993.021049226,3265.117612131181,0.5994648104004638,15.511642830201858,14.841356981049161,1421.4258219173062
expanded_log_ridge_GD_0.1,True,log,0.1,3,1,32,2176.5350334215736,10921657.886456415,3304.793168483682,0.5896715902865715,14.873097005287155,14.730848194932195,1421.8900133778943
expanded_log_ridge_GD_1,True,log,1.0,3,1,32,1627.1701681029776,4416891.860625975,2101.640278598118,0.8340566760203769,12.043994928090097,11.861421815886919,1190.4976417247872
expanded_log_ridge_GD_10,True,log,10.0,3,1,32,1563.8795207470362,4060653.8093404192,2015.1064014935835,0.8474405958046323,11.722028142275928,11.425099379100622,1142.8745737455215
expanded_log_ridge_GD_100,True,log,100.0,3,1,32,1567.7505608942738,4001745.4524404416,2000.4363155173028,0.8496537920663072,11.460915139526067,11.12292918569727,1458.8619069745737
expanded_log_ridge_GD_1000,True,log,1000.0,3,1,32,1721.8717729760249,4710713.2308213,2170.4177549083265,0.8230177607910714,13.89374753470632,13.498968113563278,1568.5046646907012
expanded_log_ridge_GD_10000,True,log,10000.0,3,1,32,3196.46613729878,18929352.323095083,4350.787552052511,0.2888212470679281,28.38034642812325,25.15120396998064,2556.7880661103545
expanded_raw_GD,True,raw,0.0,3,2,33,2383.157308880445,10869916.180700392,3296.9555927704564,0.748132266593575,18.369900457490747,20.44799326014951,1759.4274000375153
expanded_raw_ridge_GD_0.0001,True,raw,0.0001,3,2,33,2382.3419980747954,10867855.323540466,3296.6430385379103,0.7481800188865197,18.35568419028378,20.427999131308496,1759.4350895550997
expanded_raw_ridge_GD_0.001,True,raw,0.001,3,2,33,2374.289144154163,10823153.82676814,3289.856201533456,0.7492158009923571,18.241731675597837,20.274118780125423,1759.5824347600192
expanded_raw_ridge_GD_0.01,True,raw,0.01,3,2,33,2317.674591268416,10307715.83718085,3210.5631651130693,0.7611590575907303,17.65073425496266,19.567802973931062,1594.6380187091672
expanded_raw_ridge_GD_0.1,True,raw,0.1,3,2,33,2227.336308049824,9607516.792941405,3099.599456855902,0.7773834279790741,16.91826416909265,19.009743741797855,1772.9507710127946
expanded_raw_ridge_GD_1,True,raw,1.0,3,2,33,2235.807896941395,9056787.82788426,3009.4497550024425,0.7901444147101854,17.415867498264433,19.852880399993712,1873.5052674239068
expanded_raw_ridge_GD_10,True,raw,10.0,3,2,33,2116.8683136273494,6930730.280698887,2632.628017912688,0.8394074712599646,16.834880205088414,18.17909506021809,1821.2127937209734
expanded_raw_ridge_GD_100,True,raw,100.0,3,2,33,1997.2146016859497,6723577.798168268,2592.9862703393296,0.8442074186907588,16.00001231190135,16.45355651658316,1583.8896655899152
expanded_raw_ridge_GD_1000,True,raw,1000.0,3,2,33,2237.6310360311313,11680847.359554864,3417.7254657966405,0.7293421126888633,18.284663818007875,17.18612481930489,1505.6782524764494
expanded_raw_ridge_GD_10000,True,raw,10000.0,3,2,33,4296.628745204585,32294572.976778723,5682.831422519827,0.2516997590623983,42.14812867712837,34.47543587901462,3938.1064750971454
expanded_log_GD,True,log,0.0,3,2,33,2242.603303182722,9910234.813442636,3148.0525429926734,0.7703691235063038,15.363127843175238,15.766227552489278,1542.779695358303
expanded_log_ridge_GD_0.0001,True,log,0.0001,3,2,33,2244.7183503714127,9935492.29454,3152.0615943442476,0.7697838803075712,15.363689630798907,15.769677765756517,1539.5218242460378
expanded_log_ridge_GD_0.001,True,log,0.001,3,2,33,2250.0384643203083,10017580.980418118,3165.0562365332653,0.7678817965282001,15.332394633068908,15.758711676109826,1518.6662432345065
expanded_log_ridge_GD_0.01,True,log,0.01,3,2,33,2135.447088450367,8882532.103081953,2980.3577139467593,0.7941821086269956,14.77887185677128,15.254480110295734,1475.770148253563
expanded_log_ridge_GD_0.1,True,log,0.1,3,2,33,1870.7037939295512,6741949.496817308,2596.5264290619702,0.8437817265307975,13.675021325840946,14.08572274176912,1395.1269147535904
expanded_log_ridge_GD_1,True,log,1.0,3,2,33,1678.6686792813032,5389994.924319113,2321.636260123259,0.8751079785628194,12.43476072974128,12.917962543199685,1241.677307905633
expanded_log_ridge_GD_10,True,log,10.0,3,2,33,1687.5607345120727,5143886.759608597,2268.013835850345,0.8808105713508402,12.783613140690306,13.264975333847712,1339.9552217887904
expanded_log_ridge_GD_100,True,log,100.0,3,2,33,1802.001795563596,6251592.342272501,2500.3184481726526,0.8551438330108925,13.78701403167479,14.037694243911305,1236.6572186690082
expanded_log_ridge_GD_1000,True,log,1000.0,3,2,33,2499.995206782783,14901751.896886175,3860.278733056225,0.6547102653176322,19.564831403873722,19.118873622102107,1872.416858047467
expanded_log_ridge_GD_10000,True,log,10000.0,3,2,33,4321.8554869814125,33715943.955596544,5806.543201905635,0.21876505369639532,40.95468063830896,34.49973675643096,3884.511597235636
expanded_raw_GD,True,raw,0.0,3,3,33,2223.0410107194316,9231641.510024814,3038.3616489853234,0.8968948653367698,15.230821997012212,14.965329768531612,1363.169306313097
expanded_raw_ridge_GD_0.0001,True,raw,0.0001,3,3,33,2222.1592225895943,9229720.072927088,3038.0454362841724,0.8969163252288694,15.216406138422766,14.950469160296642,1365.4567384139355
expanded_raw_ridge_GD_0.001,True,raw,0.001,3,3,33,2223.461661898581,9214719.660898732,3035.5756720758473,0.8970838598434349,15.265909482054319,14.997971083287615,1374.692074698757
expanded_raw_ridge_GD_0.01,True,raw,0.01,3,3,33,2214.571281682617,9152066.118516013,3025.2381920298462,0.8977836164270807,15.23011281781641,14.956358023796227,1322.5193696141514
expanded_raw_ridge_GD_0.1,True,raw,0.1,3,3,33,2228.234737957174,9228617.027142229,3037.86389213576,0.8969286447804968,15.486102304274088,15.121837278571546,1224.8937509326015
expanded_raw_ridge_GD_1,True,raw,1.0,3,3,33,2262.470166504129,8878489.697046956,2979.67946213128,0.9008391005190075,16.76078790111332,16.62217296617113,1239.7915623272274
expanded_raw_ridge_GD_10,True,raw,10.0,3,3,33,1887.8908276071354,7116514.766134066,2667.6796595794754,0.9205180126959732,14.934042775302217,15.09838559602174,1080.156700099461
expanded_raw_ridge_GD_100,True,raw,100.0,3,3,33,1451.1219533008907,4859990.026994022,2204.53850658001,0.9457203872517113,12.49482795933796,12.308662360964513,830.5657423976518
expanded_raw_ridge_GD_1000,True,raw,1000.0,3,3,33,3547.120934880423,23530302.24763658,4850.804288737753,0.7371978776174817,24.321853885962042,23.407774609622443,2138.934407220275
expanded_raw_ridge_GD_10000,True,raw,10000.0,3,3,33,6726.867149444871,71103533.02001086,8432.291089615614,0.2058682804029346,53.17047020892024,47.00124620415549,5038.266448978407
expanded_log_GD,True,log,0.0,3,3,33,2017.980420344384,8700505.485215615,2949.6619272749913,0.9028269470042585,13.253478881318474,13.332341303901876,1174.3504644080185
expanded_log_ridge_GD_0.0001,True,log,0.0001,3,3,33,2016.442423346359,8701689.89512518,2949.8626908934557,0.9028137187237745,13.235980708046153,13.310790359897261,1179.1879769804546
expanded_log_ridge_GD_0.001,True,log,0.001,3,3,33,2006.6568062152041,8749564.39072792,2957.966259227431,0.9022790243998349,13.116227213702336,13.161932483068558,1149.4006955218993
expanded_log_ridge_GD_0.01,True,log,0.01,3,3,33,2029.8927750465994,9632080.589803934,3103.5593420786936,0.8924224943938328,12.941880780642961,12.862968766580524,1032.5333727398056
expanded_log_ridge_GD_0.1,True,log,0.1,3,3,33,2296.446247215399,13217831.919831617,3635.6336338844176,0.852374429989481,13.800077761955034,13.427556220211311,1047.4548142847561
expanded_log_ridge_GD_1,True,log,1.0,3,3,33,2149.910169579945,11780628.537004579,3432.29202385295,0.8684260767268372,13.122391254727997,12.578284636126444,983.4043212312918
expanded_log_ridge_GD_10,True,log,10.0,3,3,33,1738.136466119245,6679031.853689946,2584.382296350512,0.9254041138895075,11.369059149114179,10.737804882342768,1133.8557611370925
expanded_log_ridge_GD_100,True,log,100.0,3,3,33,1381.0905798208657,3573116.6814831304,1890.268944220142,0.9600930477844387,10.350370621748612,9.879483289138994,1127.7233952164124
expanded_log_ridge_GD_1000,True,log,1000.0,3,3,33,4047.8824689813277,32402607.374115158,5692.3288181653,0.6381060515489039,26.34754525114439,26.32548090283705,2008.3212572936882
expanded_log_ridge_GD_10000,True,log,10000.0,3,3,33,6791.195245938561,75878632.83507907,8710.834221535792,0.15253677820710776,52.01001313486302,47.17141383981218,4837.341549745539
expanded_raw_GD,True,raw,0.0,3,4,33,2346.675828913943,25713187.13474014,5070.817205810138,0.2620716643405674,17.723771080498242,19.07363907589795,1094.9276643780104
expanded_raw_ridge_GD_0.0001,True,raw,0.0001,3,4,33,2284.186831206753,23562568.907066036,4854.129057520621,0.3237910506255235,17.432142528139536,18.59481441365243,1086.7014214602532
expanded_raw_ridge_GD_0.001,True,raw,0.001,3,4,33,1906.9410300773905,12770719.406299196,3573.614333738211,0.6335002865540642,15.67451082415837,16.004461394184784,1030.2033712270058
expanded_raw_ridge_GD_0.01,True,raw,0.01,3,4,33,1276.0446651244888,2767133.654734143,1663.4703648499853,0.9205875832628165,12.936634278531123,12.625420860607067,946.0097050587556
expanded_raw_ridge_GD_0.1,True,raw,0.1,3,4,33,1206.5328376717923,2276420.4374003285,1508.7811098367877,0.9346702866576047,12.162432857505493,11.783965580324722,902.0507758442182
expanded_raw_ridge_GD_1,True,raw,1.0,3,4,33,1187.5549187329339,2137076.9455767907,1461.8744630017964,0.9386692273749688,11.572752140362924,11.089085481510184,1161.2768719173419
expanded_raw_ridge_GD_10,True,raw,10.0,3,4,33,1344.8652327723778,3077081.7667102776,1754.1612715797478,0.9116925562398024,13.277880571941175,12.348279934006689,1163.9122094985887
expanded_raw_ridge_GD_100,True,raw,100.0,3,4,33,1724.4035968508954,5372789.348548737,2317.9278134896126,0.8458093319568817,15.831938480102014,14.532284727620423,1258.2294398793383
expanded_raw_ridge_GD_1000,True,raw,1000.0,3,4,33,2488.1269533308205,10045515.44670843,3169.4661138287042,0.7117093864877055,24.888144092443973,21.985920662630633,2111.998869110241
expanded_raw_ridge_GD_10000,True,raw,10000.0,3,4,33,4675.609974757622,31350761.631127667,5599.175084878813,0.10028207585137072,51.030059611070655,39.96560265825116,4802.267981269908
expanded_log_GD,True,log,0.0,3,4,33,1832.788131540169,15693579.924517794,3961.5123279522677,0.5496187519052669,14.437344777154992,14.187219590688416,857.5725391084834
expanded_log_ridge_GD_0.0001,True,log,0.0001,3,4,33,1790.5105454974814,14409682.338638315,3796.0087379560014,0.586464608614534,14.266553172449644,13.928372107141135,868.2036658135476
expanded_log_ridge_GD_0.001,True,log,0.001,3,4,33,1487.603704354019,6827070.679863249,2612.866372370246,0.8040737277016006,13.104145008978765,12.299369686300983,847.2151882270991
expanded_log_ridge_GD_0.01,True,log,0.01,3,4,33,1388.3260522262108,6182910.5072174,2486.5458988760693,0.822560119202109,12.420827438328718,11.240647271896393,790.3845713548235
expanded_log_ridge_GD_0.1,True,log,0.1,3,4,33,1545.6892384364126,9848408.596763436,3138.2174234369795,0.7173660454216915,12.937994119765797,11.644620768671711,951.1244424004817
expanded_log_ridge_GD_1,True,log,1.0,3,4,33,1324.3289600918688,4284301.455271138,2069.8554189293363,0.8770472354988573,12.26962410985867,11.183315267200818,959.2253712933107
expanded_log_ridge_GD_10,True,log,10.0,3,4,33,1240.7352673853898,2967300.3362159687,1722.585363985184,0.9148431119397423,12.490036617742781,11.370771147776837,868.1682618315854
expanded_log_ridge_GD_100,True,log,100.0,3,4,33,1441.0591951904428,4395347.65628602,2096.508444124664,0.8738603828591275,12.92950294097456,12.132473487495208,1054.7246510597233
expanded_log_ridge_GD_1000,True,log,1000.0,3,4,33,2204.226597005249,9866464.657300329,3141.092908097487,0.7168478646675619,21.010560930021,19.306317884475874,1751.774055316091
expanded_log_ridge_GD_10000,True,log,10000.0,3,4,33,4518.948666042078,30408133.463331982,5514.357030818007,0.1273340329410223,48.15755906617066,38.70832295197099,4414.545588418501
